<?xml version="1.0"?>
<gpx version="1.1" creator="qtVlm" xmlns:xsi="http://www.w3.org/2001/XMLSchema-instance" xmlns="http://www.topografix.com/GPX/1/1" xmlns:gpxx="http://www.garmin.com/xmlschemas/GpxExtensions/v3" xsi:schemaLocation="http://www.topografix.com/GPX/1/1 http://www.topografix.com/GPX/1/1/gpx.xsd" xmlns:qtVlm="http://www.meltemus.com">
<rte>
<name>MARK 3</name>
<rtept lat="-1.2017783333" lon="130.2204416667">
<time>2023-01-30T23:03:15Z</time>
<name>Petsamo</name>
<type>WPT</type>
<sym>square</sym>
</rtept>
<rtept lat="-1.2017783333" lon="130.2204416667">
<time>2023-01-30T23:03:15Z</time>
<name>p0000000001</name>
<type>WPT</type>
<sym>square</sym>
</rtept>
<rtept lat="-1.2007871615" lon="130.2191172951">
<time>2023-01-30T23:05:00Z</time>
<name>p0000000002</name>
<type>WPT</type>
<sym>square</sym>
</rtept>
<rtept lat="-1.1979544026" lon="130.2153322613">
<time>2023-01-30T23:10:00Z</time>
<name>p0000000003</name>
<type>WPT</type>
<sym>square</sym>
</rtept>
<rtept lat="-1.1951198725" lon="130.2115448759">
<time>2023-01-30T23:15:00Z</time>
<name>p0000000004</name>
<type>WPT</type>
<sym>square</sym>
</rtept>
<rtept lat="-1.1922844992" lon="130.2077563792">
<time>2023-01-30T23:20:00Z</time>
<name>p0000000005</name>
<type>WPT</type>
<sym>square</sym>
</rtept>
<rtept lat="-1.1894492009" lon="130.2039679976">
<time>2023-01-30T23:25:00Z</time>
<name>p0000000006</name>
<type>WPT</type>
<sym>square</sym>
</rtept>
<rtept lat="-1.1866148848" lon="130.2001809434">
<time>2023-01-30T23:30:00Z</time>
<name>p0000000007</name>
<type>WPT</type>
<sym>square</sym>
</rtept>
<rtept lat="-1.1837806051" lon="130.1963939531">
<time>2023-01-30T23:35:00Z</time>
<name>p0000000008</name>
<type>WPT</type>
<sym>square</sym>
</rtept>
<rtept lat="-1.1809440592" lon="130.1926039497">
<time>2023-01-30T23:40:00Z</time>
<name>p0000000009</name>
<type>WPT</type>
<sym>square</sym>
</rtept>
<rtept lat="-1.1781060536" lon="130.1888120111">
<time>2023-01-30T23:45:00Z</time>
<name>p0000000010</name>
<type>WPT</type>
<sym>square</sym>
</rtept>
<rtept lat="-1.1752673880" lon="130.1850192056">
<time>2023-01-30T23:50:00Z</time>
<name>p0000000011</name>
<type>WPT</type>
<sym>square</sym>
</rtept>
<rtept lat="-1.1724288537" lon="130.1812265908">
<time>2023-01-30T23:55:00Z</time>
<name>p0000000012</name>
<type>WPT</type>
<sym>square</sym>
</rtept>
<rtept lat="-1.1695912345" lon="130.1774352135">
<time>2023-01-31T00:00:00Z</time>
<name>p0000000013</name>
<type>WPT</type>
<sym>square</sym>
</rtept>
<rtept lat="-1.1668035759" lon="130.1737106041">
<time>2023-01-31T00:05:00Z</time>
<name>p0000000014</name>
<type>WPT</type>
<sym>square</sym>
</rtept>
<rtept lat="-1.1640645189" lon="130.1700509458">
<time>2023-01-31T00:10:00Z</time>
<name>p0000000015</name>
<type>WPT</type>
<sym>square</sym>
</rtept>
<rtept lat="-1.1613727542" lon="130.1664544888">
<time>2023-01-31T00:15:00Z</time>
<name>p0000000016</name>
<type>WPT</type>
<sym>square</sym>
</rtept>
<rtept lat="-1.1587270207" lon="130.1629195471">
<time>2023-01-31T00:20:00Z</time>
<name>p0000000017</name>
<type>WPT</type>
<sym>square</sym>
</rtept>
<rtept lat="-1.1561261025" lon="130.1594444959">
<time>2023-01-31T00:25:00Z</time>
<name>p0000000018</name>
<type>WPT</type>
<sym>square</sym>
</rtept>
<rtept lat="-1.1535688277" lon="130.1560277687">
<time>2023-01-31T00:30:00Z</time>
<name>p0000000019</name>
<type>WPT</type>
<sym>square</sym>
</rtept>
<rtept lat="-1.1510540660" lon="130.1526678547">
<time>2023-01-31T00:35:00Z</time>
<name>p0000000020</name>
<type>WPT</type>
<sym>square</sym>
</rtept>
<rtept lat="-1.1485807267" lon="130.1493632966">
<time>2023-01-31T00:40:00Z</time>
<name>p0000000021</name>
<type>WPT</type>
<sym>square</sym>
</rtept>
<rtept lat="-1.1461477575" lon="130.1461126879">
<time>2023-01-31T00:45:00Z</time>
<name>p0000000022</name>
<type>WPT</type>
<sym>square</sym>
</rtept>
<rtept lat="-1.1437541420" lon="130.1429146712">
<time>2023-01-31T00:50:00Z</time>
<name>p0000000023</name>
<type>WPT</type>
<sym>square</sym>
</rtept>
<rtept lat="-1.1381293803" lon="130.1406554872">
<time>2023-01-31T00:55:00Z</time>
<name>p0000000024</name>
<type>WPT</type>
<sym>square</sym>
</rtept>
<rtept lat="-1.1326050193" lon="130.1384366386">
<time>2023-01-31T01:00:00Z</time>
<name>p0000000025</name>
<type>WPT</type>
<sym>square</sym>
</rtept>
<rtept lat="-1.1271813709" lon="130.1362582500">
<time>2023-01-31T01:05:00Z</time>
<name>p0000000026</name>
<type>WPT</type>
<sym>square</sym>
</rtept>
<rtept lat="-1.1218681928" lon="130.1341242399">
<time>2023-01-31T01:10:00Z</time>
<name>p0000000027</name>
<type>WPT</type>
<sym>square</sym>
</rtept>
<rtept lat="-1.1166629761" lon="130.1320336002">
<time>2023-01-31T01:15:00Z</time>
<name>p0000000028</name>
<type>WPT</type>
<sym>square</sym>
</rtept>
<rtept lat="-1.1115633311" lon="130.1299853705">
<time>2023-01-31T01:20:00Z</time>
<name>p0000000029</name>
<type>WPT</type>
<sym>square</sym>
</rtept>
<rtept lat="-1.1065669809" lon="130.1279786358">
<time>2023-01-31T01:25:00Z</time>
<name>p0000000030</name>
<type>WPT</type>
<sym>square</sym>
</rtept>
<rtept lat="-1.1016717555" lon="130.1260125240">
<time>2023-01-31T01:30:00Z</time>
<name>p0000000031</name>
<type>WPT</type>
<sym>square</sym>
</rtept>
<rtept lat="-1.0968755860" lon="130.1240862038">
<time>2023-01-31T01:35:00Z</time>
<name>p0000000032</name>
<type>WPT</type>
<sym>square</sym>
</rtept>
<rtept lat="-1.0921764997" lon="130.1221988823">
<time>2023-01-31T01:40:00Z</time>
<name>p0000000033</name>
<type>WPT</type>
<sym>square</sym>
</rtept>
<rtept lat="-1.0875726147" lon="130.1203498034">
<time>2023-01-31T01:45:00Z</time>
<name>p0000000034</name>
<type>WPT</type>
<sym>square</sym>
</rtept>
<rtept lat="-1.0830621357" lon="130.1185382455">
<time>2023-01-31T01:50:00Z</time>
<name>p0000000035</name>
<type>WPT</type>
<sym>square</sym>
</rtept>
<rtept lat="-1.0786433490" lon="130.1167635199">
<time>2023-01-31T01:55:00Z</time>
<name>p0000000036</name>
<type>WPT</type>
<sym>square</sym>
</rtept>
<rtept lat="-1.0743125701" lon="130.1150241466">
<time>2023-01-31T02:00:00Z</time>
<name>p0000000037</name>
<type>WPT</type>
<sym>square</sym>
</rtept>
<rtept lat="-1.0700663137" lon="130.1133187253">
<time>2023-01-31T02:05:00Z</time>
<name>p0000000038</name>
<type>WPT</type>
<sym>square</sym>
</rtept>
<rtept lat="-1.0659030916" lon="130.1116466581">
<time>2023-01-31T02:10:00Z</time>
<name>p0000000039</name>
<type>WPT</type>
<sym>square</sym>
</rtept>
<rtept lat="-1.0618214794" lon="130.1100073724">
<time>2023-01-31T02:15:00Z</time>
<name>p0000000040</name>
<type>WPT</type>
<sym>square</sym>
</rtept>
<rtept lat="-1.0578201130" lon="130.1084003203">
<time>2023-01-31T02:20:00Z</time>
<name>p0000000041</name>
<type>WPT</type>
<sym>square</sym>
</rtept>
<rtept lat="-1.0538976862" lon="130.1068249767">
<time>2023-01-31T02:25:00Z</time>
<name>p0000000042</name>
<type>WPT</type>
<sym>square</sym>
</rtept>
<rtept lat="-1.0500529474" lon="130.1052808387">
<time>2023-01-31T02:30:00Z</time>
<name>p0000000043</name>
<type>WPT</type>
<sym>square</sym>
</rtept>
<rtept lat="-1.0462846972" lon="130.1037674244">
<time>2023-01-31T02:35:00Z</time>
<name>p0000000044</name>
<type>WPT</type>
<sym>square</sym>
</rtept>
<rtept lat="-1.0425917857" lon="130.1022842717">
<time>2023-01-31T02:40:00Z</time>
<name>p0000000045</name>
<type>WPT</type>
<sym>square</sym>
</rtept>
<rtept lat="-1.0389731100" lon="130.1008309374">
<time>2023-01-31T02:45:00Z</time>
<name>p0000000046</name>
<type>WPT</type>
<sym>square</sym>
</rtept>
<rtept lat="-1.0354276124" lon="130.0994069964">
<time>2023-01-31T02:50:00Z</time>
<name>p0000000047</name>
<type>WPT</type>
<sym>square</sym>
</rtept>
<rtept lat="-1.0319542773" lon="130.0980120406">
<time>2023-01-31T02:55:00Z</time>
<name>p0000000048</name>
<type>WPT</type>
<sym>square</sym>
</rtept>
<rtept lat="-1.0285521298" lon="130.0966456784">
<time>2023-01-31T03:00:00Z</time>
<name>p0000000049</name>
<type>WPT</type>
<sym>square</sym>
</rtept>
<rtept lat="-1.0251737097" lon="130.0952888486">
<time>2023-01-31T03:05:00Z</time>
<name>p0000000050</name>
<type>WPT</type>
<sym>square</sym>
</rtept>
<rtept lat="-1.0218160329" lon="130.0939403527">
<time>2023-01-31T03:10:00Z</time>
<name>p0000000051</name>
<type>WPT</type>
<sym>square</sym>
</rtept>
<rtept lat="-1.0184757796" lon="130.0925988574">
<time>2023-01-31T03:15:00Z</time>
<name>p0000000052</name>
<type>WPT</type>
<sym>square</sym>
</rtept>
<rtept lat="-1.0151492253" lon="130.0912628669">
<time>2023-01-31T03:20:00Z</time>
<name>p0000000053</name>
<type>WPT</type>
<sym>square</sym>
</rtept>
<rtept lat="-1.0118321555" lon="130.0899306885">
<time>2023-01-31T03:25:00Z</time>
<name>p0000000054</name>
<type>WPT</type>
<sym>square</sym>
</rtept>
<rtept lat="-1.0085197566" lon="130.0886003889">
<time>2023-01-31T03:30:00Z</time>
<name>p0000000055</name>
<type>WPT</type>
<sym>square</sym>
</rtept>
<rtept lat="-1.0052064742" lon="130.0872697374">
<time>2023-01-31T03:35:00Z</time>
<name>p0000000056</name>
<type>WPT</type>
<sym>square</sym>
</rtept>
<rtept lat="-1.0018729614" lon="130.0859309641">
<time>2023-01-31T03:40:00Z</time>
<name>p0000000057</name>
<type>WPT</type>
<sym>square</sym>
</rtept>
<rtept lat="-0.9985095420" lon="130.0845801830">
<time>2023-01-31T03:45:00Z</time>
<name>p0000000058</name>
<type>WPT</type>
<sym>square</sym>
</rtept>
<rtept lat="-0.9950914021" lon="130.0832074288">
<time>2023-01-31T03:50:00Z</time>
<name>p0000000059</name>
<type>WPT</type>
<sym>square</sym>
</rtept>
<rtept lat="-0.9915899742" lon="130.0818012285">
<time>2023-01-31T03:55:00Z</time>
<name>p0000000060</name>
<type>WPT</type>
<sym>square</sym>
</rtept>
<rtept lat="-0.9879862312" lon="130.0803539410">
<time>2023-01-31T04:00:00Z</time>
<name>p0000000061</name>
<type>WPT</type>
<sym>square</sym>
</rtept>
<rtept lat="-0.9842616070" lon="130.0788581104">
<time>2023-01-31T04:05:00Z</time>
<name>p0000000062</name>
<type>WPT</type>
<sym>square</sym>
</rtept>
<rtept lat="-0.9804042979" lon="130.0773089966">
<time>2023-01-31T04:10:00Z</time>
<name>p0000000063</name>
<type>WPT</type>
<sym>square</sym>
</rtept>
<rtept lat="-0.9764033747" lon="130.0757022107">
<time>2023-01-31T04:15:00Z</time>
<name>p0000000064</name>
<type>WPT</type>
<sym>square</sym>
</rtept>
<rtept lat="-0.9722680042" lon="130.0740414346">
<time>2023-01-31T04:20:00Z</time>
<name>p0000000065</name>
<type>WPT</type>
<sym>square</sym>
</rtept>
<rtept lat="-0.9680187054" lon="130.0723349092">
<time>2023-01-31T04:25:00Z</time>
<name>p0000000066</name>
<type>WPT</type>
<sym>square</sym>
</rtept>
<rtept lat="-0.9637500610" lon="130.0706206193">
<time>2023-01-31T04:30:00Z</time>
<name>p0000000067</name>
<type>WPT</type>
<sym>square</sym>
</rtept>
<rtept lat="-0.9596327299" lon="130.0689671013">
<time>2023-01-31T04:35:00Z</time>
<name>p0000000068</name>
<type>WPT</type>
<sym>square</sym>
</rtept>
<rtept lat="-0.9557063425" lon="130.0673902703">
<time>2023-01-31T04:40:00Z</time>
<name>p0000000069</name>
<type>WPT</type>
<sym>square</sym>
</rtept>
<rtept lat="-0.9518960303" lon="130.0658600587">
<time>2023-01-31T04:45:00Z</time>
<name>p0000000070</name>
<type>WPT</type>
<sym>square</sym>
</rtept>
<rtept lat="-0.9481965264" lon="130.0643743510">
<time>2023-01-31T04:50:00Z</time>
<name>p0000000071</name>
<type>WPT</type>
<sym>square</sym>
</rtept>
<rtept lat="-0.9444612052" lon="130.0628742626">
<time>2023-01-31T04:55:00Z</time>
<name>p0000000072</name>
<type>WPT</type>
<sym>square</sym>
</rtept>
<rtept lat="-0.9408637700" lon="130.0614295521">
<time>2023-01-31T05:00:00Z</time>
<name>p0000000073</name>
<type>WPT</type>
<sym>square</sym>
</rtept>
<rtept lat="-0.9375336696" lon="130.0600922047">
<time>2023-01-31T05:05:00Z</time>
<name>p0000000074</name>
<type>WPT</type>
<sym>square</sym>
</rtept>
<rtept lat="-0.9345511818" lon="130.0588944588">
<time>2023-01-31T05:10:00Z</time>
<name>p0000000075</name>
<type>WPT</type>
<sym>square</sym>
</rtept>
<rtept lat="-0.9319237763" lon="130.0578393133">
<time>2023-01-31T05:15:00Z</time>
<name>p0000000076</name>
<type>WPT</type>
<sym>square</sym>
</rtept>
<rtept lat="-0.9298130245" lon="130.0569916532">
<time>2023-01-31T05:20:00Z</time>
<name>p0000000077</name>
<type>WPT</type>
<sym>square</sym>
</rtept>
<rtept lat="-0.9280338317" lon="130.0562771453">
<time>2023-01-31T05:25:00Z</time>
<name>p0000000078</name>
<type>WPT</type>
<sym>square</sym>
</rtept>
<rtept lat="-0.9265445547" lon="130.0556790656">
<time>2023-01-31T05:30:00Z</time>
<name>p0000000079</name>
<type>WPT</type>
<sym>square</sym>
</rtept>
<rtept lat="-0.9252956928" lon="130.0551775348">
<time>2023-01-31T05:35:00Z</time>
<name>p0000000080</name>
<type>WPT</type>
<sym>square</sym>
</rtept>
<rtept lat="-0.9242469308" lon="130.0547563625">
<time>2023-01-31T05:40:00Z</time>
<name>p0000000081</name>
<type>WPT</type>
<sym>square</sym>
</rtept>
<rtept lat="-0.9233710063" lon="130.0544046002">
<time>2023-01-31T05:45:00Z</time>
<name>p0000000082</name>
<type>WPT</type>
<sym>square</sym>
</rtept>
<rtept lat="-0.9226414677" lon="130.0541116251">
<time>2023-01-31T05:50:00Z</time>
<name>p0000000083</name>
<type>WPT</type>
<sym>square</sym>
</rtept>
<rtept lat="-0.9220312463" lon="130.0538665667">
<time>2023-01-31T05:55:00Z</time>
<name>p0000000084</name>
<type>WPT</type>
<sym>square</sym>
</rtept>
<rtept lat="-0.9215224522" lon="130.0536622405">
<time>2023-01-31T06:00:00Z</time>
<name>p0000000085</name>
<type>WPT</type>
<sym>square</sym>
</rtept>
<rtept lat="-0.9210377233" lon="130.0534675786">
<time>2023-01-31T06:05:00Z</time>
<name>p0000000086</name>
<type>WPT</type>
<sym>square</sym>
</rtept>
<rtept lat="-0.9205771641" lon="130.0532826232">
<time>2023-01-31T06:10:00Z</time>
<name>p0000000087</name>
<type>WPT</type>
<sym>square</sym>
</rtept>
<rtept lat="-0.9201406550" lon="130.0531073260">
<time>2023-01-31T06:15:00Z</time>
<name>p0000000088</name>
<type>WPT</type>
<sym>square</sym>
</rtept>
<rtept lat="-0.9197280946" lon="130.0529416463">
<time>2023-01-31T06:20:00Z</time>
<name>p0000000089</name>
<type>WPT</type>
<sym>square</sym>
</rtept>
<rtept lat="-0.9193397208" lon="130.0527856798">
<time>2023-01-31T06:25:00Z</time>
<name>p0000000090</name>
<type>WPT</type>
<sym>square</sym>
</rtept>
<rtept lat="-0.9189757211" lon="130.0526395017">
<time>2023-01-31T06:30:00Z</time>
<name>p0000000091</name>
<type>WPT</type>
<sym>square</sym>
</rtept>
<rtept lat="-0.9186359420" lon="130.0525030503">
<time>2023-01-31T06:35:00Z</time>
<name>p0000000092</name>
<type>WPT</type>
<sym>square</sym>
</rtept>
<rtept lat="-0.9183202332" lon="130.0523762654">
<time>2023-01-31T06:40:00Z</time>
<name>p0000000093</name>
<type>WPT</type>
<sym>square</sym>
</rtept>
<rtept lat="-0.9180285792" lon="130.0522591405">
<time>2023-01-31T06:45:00Z</time>
<name>p0000000094</name>
<type>WPT</type>
<sym>square</sym>
</rtept>
<rtept lat="-0.9177609773" lon="130.0521516747">
<time>2023-01-31T06:50:00Z</time>
<name>p0000000095</name>
<type>WPT</type>
<sym>square</sym>
</rtept>
<rtept lat="-0.9175174400" lon="130.0520538730">
<time>2023-01-31T06:55:00Z</time>
<name>p0000000096</name>
<type>WPT</type>
<sym>square</sym>
</rtept>
<rtept lat="-0.9172979954" lon="130.0519657467">
<time>2023-01-31T07:00:00Z</time>
<name>p0000000097</name>
<type>WPT</type>
<sym>square</sym>
</rtept>
<rtept lat="-0.9171026889" lon="130.0518873139">
<time>2023-01-31T07:05:00Z</time>
<name>p0000000098</name>
<type>WPT</type>
<sym>square</sym>
</rtept>
<rtept lat="-0.9169315833" lon="130.0518186000">
<time>2023-01-31T07:10:00Z</time>
<name>p0000000099</name>
<type>WPT</type>
<sym>square</sym>
</rtept>
<rtept lat="-0.9167847594" lon="130.0517596372">
<time>2023-01-31T07:15:00Z</time>
<name>p0000000100</name>
<type>WPT</type>
<sym>square</sym>
</rtept>
<rtept lat="-0.9166623165" lon="130.0517104657">
<time>2023-01-31T07:20:00Z</time>
<name>p0000000101</name>
<type>WPT</type>
<sym>square</sym>
</rtept>
<rtept lat="-0.9165643728" lon="130.0516711326">
<time>2023-01-31T07:25:00Z</time>
<name>p0000000102</name>
<type>WPT</type>
<sym>square</sym>
</rtept>
<rtept lat="-0.9164914967" lon="130.0516418665">
<time>2023-01-31T07:30:00Z</time>
<name>p0000000103</name>
<type>WPT</type>
<sym>square</sym>
</rtept>
<rtept lat="-0.9164435495" lon="130.0516226115">
<time>2023-01-31T07:35:00Z</time>
<name>p0000000104</name>
<type>WPT</type>
<sym>square</sym>
</rtept>
<rtept lat="-0.9164204133" lon="130.0516133202">
<time>2023-01-31T07:40:00Z</time>
<name>p0000000105</name>
<type>WPT</type>
<sym>square</sym>
</rtept>
<rtept lat="-0.9164188157" lon="130.0516126786">
<time>2023-01-31T07:45:00Z</time>
<name>p0000000106</name>
<type>WPT</type>
<sym>square</sym>
</rtept>
<rtept lat="-0.9163925534" lon="130.0516021320">
<time>2023-01-31T07:50:00Z</time>
<name>p0000000107</name>
<type>WPT</type>
<sym>square</sym>
</rtept>
<rtept lat="-0.9163421070" lon="130.0515818734">
<time>2023-01-31T07:55:00Z</time>
<name>p0000000108</name>
<type>WPT</type>
<sym>square</sym>
</rtept>
<rtept lat="-0.9162679457" lon="130.0515520911">
<time>2023-01-31T08:00:00Z</time>
<name>p0000000109</name>
<type>WPT</type>
<sym>square</sym>
</rtept>
<rtept lat="-0.9161705295" lon="130.0515129699">
<time>2023-01-31T08:05:00Z</time>
<name>p0000000110</name>
<type>WPT</type>
<sym>square</sym>
</rtept>
<rtept lat="-0.9160503104" lon="130.0514646914">
<time>2023-01-31T08:10:00Z</time>
<name>p0000000111</name>
<type>WPT</type>
<sym>square</sym>
</rtept>
<rtept lat="-0.9159077347" lon="130.0514074348">
<time>2023-01-31T08:15:00Z</time>
<name>p0000000112</name>
<type>WPT</type>
<sym>square</sym>
</rtept>
<rtept lat="-0.9157432438" lon="130.0513413772">
<time>2023-01-31T08:20:00Z</time>
<name>p0000000113</name>
<type>WPT</type>
<sym>square</sym>
</rtept>
<rtept lat="-0.9155572753" lon="130.0512666946">
<time>2023-01-31T08:25:00Z</time>
<name>p0000000114</name>
<type>WPT</type>
<sym>square</sym>
</rtept>
<rtept lat="-0.9153502642" lon="130.0511835615">
<time>2023-01-31T08:30:00Z</time>
<name>p0000000115</name>
<type>WPT</type>
<sym>square</sym>
</rtept>
<rtept lat="-0.9151226437" lon="130.0510921519">
<time>2023-01-31T08:35:00Z</time>
<name>p0000000116</name>
<type>WPT</type>
<sym>square</sym>
</rtept>
<rtept lat="-0.9148753408" lon="130.0509928381">
<time>2023-01-31T08:40:00Z</time>
<name>p0000000117</name>
<type>WPT</type>
<sym>square</sym>
</rtept>
<rtept lat="-0.9146091901" lon="130.0508859553">
<time>2023-01-31T08:45:00Z</time>
<name>p0000000118</name>
<type>WPT</type>
<sym>square</sym>
</rtept>
<rtept lat="-0.9143247011" lon="130.0507717081">
<time>2023-01-31T08:50:00Z</time>
<name>p0000000119</name>
<type>WPT</type>
<sym>square</sym>
</rtept>
<rtept lat="-0.9140223729" lon="130.0506502969">
<time>2023-01-31T08:55:00Z</time>
<name>p0000000120</name>
<type>WPT</type>
<sym>square</sym>
</rtept>
<rtept lat="-0.9137026957" lon="130.0505219186">
<time>2023-01-31T09:00:00Z</time>
<name>p0000000121</name>
<type>WPT</type>
<sym>square</sym>
</rtept>
<rtept lat="-0.9136161080" lon="130.0504871461">
<time>2023-01-31T09:05:00Z</time>
<name>p0000000122</name>
<type>WPT</type>
<sym>square</sym>
</rtept>
<rtept lat="-0.9134713139" lon="130.0504289987">
<time>2023-01-31T09:10:00Z</time>
<name>p0000000123</name>
<type>WPT</type>
<sym>square</sym>
</rtept>
<rtept lat="-0.9130935612" lon="130.0502772981">
<time>2023-01-31T09:15:00Z</time>
<name>p0000000124</name>
<type>WPT</type>
<sym>square</sym>
</rtept>
<rtept lat="-0.9124791222" lon="130.0500305473">
<time>2023-01-31T09:20:00Z</time>
<name>p0000000125</name>
<type>WPT</type>
<sym>square</sym>
</rtept>
<rtept lat="-0.9116242180" lon="130.0496872290">
<time>2023-01-31T09:25:00Z</time>
<name>p0000000126</name>
<type>WPT</type>
<sym>square</sym>
</rtept>
<rtept lat="-0.9105256495" lon="130.0492460586">
<time>2023-01-31T09:30:00Z</time>
<name>p0000000127</name>
<type>WPT</type>
<sym>square</sym>
</rtept>
<rtept lat="-0.9091803290" lon="130.0487057962">
<time>2023-01-31T09:35:00Z</time>
<name>p0000000128</name>
<type>WPT</type>
<sym>square</sym>
</rtept>
<rtept lat="-0.9075850019" lon="130.0480651351">
<time>2023-01-31T09:40:00Z</time>
<name>p0000000129</name>
<type>WPT</type>
<sym>square</sym>
</rtept>
<rtept lat="-0.9057363642" lon="130.0473227487">
<time>2023-01-31T09:45:00Z</time>
<name>p0000000130</name>
<type>WPT</type>
<sym>square</sym>
</rtept>
<rtept lat="-0.9036292919" lon="130.0464765797">
<time>2023-01-31T09:50:00Z</time>
<name>p0000000131</name>
<type>WPT</type>
<sym>square</sym>
</rtept>
<rtept lat="-0.9012592419" lon="130.0455248040">
<time>2023-01-31T09:55:00Z</time>
<name>p0000000132</name>
<type>WPT</type>
<sym>square</sym>
</rtept>
<rtept lat="-0.8986219749" lon="130.0444657195">
<time>2023-01-31T10:00:00Z</time>
<name>p0000000133</name>
<type>WPT</type>
<sym>square</sym>
</rtept>
<rtept lat="-0.8957135911" lon="130.0432977608">
<time>2023-01-31T10:05:00Z</time>
<name>p0000000134</name>
<type>WPT</type>
<sym>square</sym>
</rtept>
<rtept lat="-0.8925324843" lon="130.0420202833">
<time>2023-01-31T10:10:00Z</time>
<name>p0000000135</name>
<type>WPT</type>
<sym>square</sym>
</rtept>
<rtept lat="-0.8890756172" lon="130.0406320679">
<time>2023-01-31T10:15:00Z</time>
<name>p0000000136</name>
<type>WPT</type>
<sym>square</sym>
</rtept>
<rtept lat="-0.8853389603" lon="130.0391314970">
<time>2023-01-31T10:20:00Z</time>
<name>p0000000137</name>
<type>WPT</type>
<sym>square</sym>
</rtept>
<rtept lat="-0.8813184465" lon="130.0375169383">
<time>2023-01-31T10:25:00Z</time>
<name>p0000000138</name>
<type>WPT</type>
<sym>square</sym>
</rtept>
<rtept lat="-0.8770089803" lon="130.0357863462">
<time>2023-01-31T10:30:00Z</time>
<name>p0000000139</name>
<type>WPT</type>
<sym>square</sym>
</rtept>
<rtept lat="-0.8724046003" lon="130.0339373275">
<time>2023-01-31T10:35:00Z</time>
<name>p0000000140</name>
<type>WPT</type>
<sym>square</sym>
</rtept>
<rtept lat="-0.8675011698" lon="130.0319682221">
<time>2023-01-31T10:40:00Z</time>
<name>p0000000141</name>
<type>WPT</type>
<sym>square</sym>
</rtept>
<rtept lat="-0.8622945373" lon="130.0298773638">
<time>2023-01-31T10:45:00Z</time>
<name>p0000000142</name>
<type>WPT</type>
<sym>square</sym>
</rtept>
<rtept lat="-0.8567805408" lon="130.0276630823">
<time>2023-01-31T10:50:00Z</time>
<name>p0000000143</name>
<type>WPT</type>
<sym>square</sym>
</rtept>
<rtept lat="-0.8509565287" lon="130.0253243140">
<time>2023-01-31T10:55:00Z</time>
<name>p0000000144</name>
<type>WPT</type>
<sym>square</sym>
</rtept>
<rtept lat="-0.8448193041" lon="130.0228597764">
<time>2023-01-31T11:00:00Z</time>
<name>p0000000145</name>
<type>WPT</type>
<sym>square</sym>
</rtept>
<rtept lat="-0.8383973112" lon="130.0202808931">
<time>2023-01-31T11:05:00Z</time>
<name>p0000000146</name>
<type>WPT</type>
<sym>square</sym>
</rtept>
<rtept lat="-0.8317394211" lon="130.0176072905">
<time>2023-01-31T11:10:00Z</time>
<name>p0000000147</name>
<type>WPT</type>
<sym>square</sym>
</rtept>
<rtept lat="-0.8248512946" lon="130.0148412432">
<time>2023-01-31T11:15:00Z</time>
<name>p0000000148</name>
<type>WPT</type>
<sym>square</sym>
</rtept>
<rtept lat="-0.8177391080" lon="130.0119852327">
<time>2023-01-31T11:20:00Z</time>
<name>p0000000149</name>
<type>WPT</type>
<sym>square</sym>
</rtept>
<rtept lat="-0.8104305634" lon="130.0090503854">
<time>2023-01-31T11:25:00Z</time>
<name>p0000000150</name>
<type>WPT</type>
<sym>square</sym>
</rtept>
<rtept lat="-0.8083462710" lon="130.0091071644">
<time>2023-01-31T11:30:00Z</time>
<name>p0000000151</name>
<type>WPT</type>
<sym>square</sym>
</rtept>
<rtept lat="-0.8061164459" lon="130.0091679079">
<time>2023-01-31T11:35:00Z</time>
<name>p0000000152</name>
<type>WPT</type>
<sym>square</sym>
</rtept>
<rtept lat="-0.8037438574" lon="130.0092325404">
<time>2023-01-31T11:40:00Z</time>
<name>p0000000153</name>
<type>WPT</type>
<sym>square</sym>
</rtept>
<rtept lat="-0.8012312199" lon="130.0093009880">
<time>2023-01-31T11:45:00Z</time>
<name>p0000000154</name>
<type>WPT</type>
<sym>square</sym>
</rtept>
<rtept lat="-0.7985803066" lon="130.0093732022">
<time>2023-01-31T11:50:00Z</time>
<name>p0000000155</name>
<type>WPT</type>
<sym>square</sym>
</rtept>
<rtept lat="-0.7957917568" lon="130.0094491658">
<time>2023-01-31T11:55:00Z</time>
<name>p0000000156</name>
<type>WPT</type>
<sym>square</sym>
</rtept>
<rtept lat="-0.7928679361" lon="130.0095288142">
<time>2023-01-31T12:00:00Z</time>
<name>p0000000157</name>
<type>WPT</type>
<sym>square</sym>
</rtept>
<rtept lat="-0.7898192164" lon="130.0096118649">
<time>2023-01-31T12:05:00Z</time>
<name>p0000000158</name>
<type>WPT</type>
<sym>square</sym>
</rtept>
<rtept lat="-0.7866458503" lon="130.0096983109">
<time>2023-01-31T12:10:00Z</time>
<name>p0000000159</name>
<type>WPT</type>
<sym>square</sym>
</rtept>
<rtept lat="-0.7833480738" lon="130.0097881460">
<time>2023-01-31T12:15:00Z</time>
<name>p0000000160</name>
<type>WPT</type>
<sym>square</sym>
</rtept>
<rtept lat="-0.7799261035" lon="130.0098813640">
<time>2023-01-31T12:20:00Z</time>
<name>p0000000161</name>
<type>WPT</type>
<sym>square</sym>
</rtept>
<rtept lat="-0.7763801351" lon="130.0099779597">
<time>2023-01-31T12:25:00Z</time>
<name>p0000000162</name>
<type>WPT</type>
<sym>square</sym>
</rtept>
<rtept lat="-0.7727103414" lon="130.0100779284">
<time>2023-01-31T12:30:00Z</time>
<name>p0000000163</name>
<type>WPT</type>
<sym>square</sym>
</rtept>
<rtept lat="-0.7689168706" lon="130.0101812659">
<time>2023-01-31T12:35:00Z</time>
<name>p0000000164</name>
<type>WPT</type>
<sym>square</sym>
</rtept>
<rtept lat="-0.7649998443" lon="130.0102879691">
<time>2023-01-31T12:40:00Z</time>
<name>p0000000165</name>
<type>WPT</type>
<sym>square</sym>
</rtept>
<rtept lat="-0.7609597977" lon="130.0103980232">
<time>2023-01-31T12:45:00Z</time>
<name>p0000000166</name>
<type>WPT</type>
<sym>square</sym>
</rtept>
<rtept lat="-0.7567987405" lon="130.0105113735">
<time>2023-01-31T12:50:00Z</time>
<name>p0000000167</name>
<type>WPT</type>
<sym>square</sym>
</rtept>
<rtept lat="-0.7525167110" lon="130.0106280190">
<time>2023-01-31T12:55:00Z</time>
<name>p0000000168</name>
<type>WPT</type>
<sym>square</sym>
</rtept>
<rtept lat="-0.7481137168" lon="130.0107479594">
<time>2023-01-31T13:00:00Z</time>
<name>p0000000169</name>
<type>WPT</type>
<sym>square</sym>
</rtept>
<rtept lat="-0.7435861220" lon="130.0108712937">
<time>2023-01-31T13:05:00Z</time>
<name>p0000000170</name>
<type>WPT</type>
<sym>square</sym>
</rtept>
<rtept lat="-0.7389315399" lon="130.0109980870">
<time>2023-01-31T13:10:00Z</time>
<name>p0000000171</name>
<type>WPT</type>
<sym>square</sym>
</rtept>
<rtept lat="-0.7341535811" lon="130.0111282409">
<time>2023-01-31T13:15:00Z</time>
<name>p0000000172</name>
<type>WPT</type>
<sym>square</sym>
</rtept>
<rtept lat="-0.7292559893" lon="130.0112616533">
<time>2023-01-31T13:20:00Z</time>
<name>p0000000173</name>
<type>WPT</type>
<sym>square</sym>
</rtept>
<rtept lat="-0.7242426333" lon="130.0113982189">
<time>2023-01-31T13:25:00Z</time>
<name>p0000000174</name>
<type>WPT</type>
<sym>square</sym>
</rtept>
<rtept lat="-0.7191174981" lon="130.0115378291">
<time>2023-01-31T13:30:00Z</time>
<name>p0000000175</name>
<type>WPT</type>
<sym>square</sym>
</rtept>
<rtept lat="-0.7138846766" lon="130.0116803724">
<time>2023-01-31T13:35:00Z</time>
<name>p0000000176</name>
<type>WPT</type>
<sym>square</sym>
</rtept>
<rtept lat="-0.7085483615" lon="130.0118257345">
<time>2023-01-31T13:40:00Z</time>
<name>p0000000177</name>
<type>WPT</type>
<sym>square</sym>
</rtept>
<rtept lat="-0.7031127058" lon="130.0119738024">
<time>2023-01-31T13:45:00Z</time>
<name>p0000000178</name>
<type>WPT</type>
<sym>square</sym>
</rtept>
<rtept lat="-0.6975812797" lon="130.0121244787">
<time>2023-01-31T13:50:00Z</time>
<name>p0000000179</name>
<type>WPT</type>
<sym>square</sym>
</rtept>
<rtept lat="-0.6919601417" lon="130.0122775983">
<time>2023-01-31T13:55:00Z</time>
<name>p0000000180</name>
<type>WPT</type>
<sym>square</sym>
</rtept>
<rtept lat="-0.6862541076" lon="130.0124330302">
<time>2023-01-31T14:00:00Z</time>
<name>p0000000181</name>
<type>WPT</type>
<sym>square</sym>
</rtept>
<rtept lat="-0.6804677618" lon="130.0125906494">
<time>2023-01-31T14:05:00Z</time>
<name>p0000000182</name>
<type>WPT</type>
<sym>square</sym>
</rtept>
<rtept lat="-0.6746057378" lon="130.0127503296">
<time>2023-01-31T14:10:00Z</time>
<name>p0000000183</name>
<type>WPT</type>
<sym>square</sym>
</rtept>
<rtept lat="-0.6686727113" lon="130.0129119436">
<time>2023-01-31T14:15:00Z</time>
<name>p0000000184</name>
<type>WPT</type>
<sym>square</sym>
</rtept>
<rtept lat="-0.6626733951" lon="130.0130753629">
<time>2023-01-31T14:20:00Z</time>
<name>p0000000185</name>
<type>WPT</type>
<sym>square</sym>
</rtept>
<rtept lat="-0.6566125331" lon="130.0132404582">
<time>2023-01-31T14:25:00Z</time>
<name>p0000000186</name>
<type>WPT</type>
<sym>square</sym>
</rtept>
<rtept lat="-0.6504948952" lon="130.0134070997">
<time>2023-01-31T14:30:00Z</time>
<name>p0000000187</name>
<type>WPT</type>
<sym>square</sym>
</rtept>
<rtept lat="-0.6443252721" lon="130.0135751569">
<time>2023-01-31T14:35:00Z</time>
<name>p0000000188</name>
<type>WPT</type>
<sym>square</sym>
</rtept>
<rtept lat="-0.6381084709" lon="130.0137444987">
<time>2023-01-31T14:40:00Z</time>
<name>p0000000189</name>
<type>WPT</type>
<sym>square</sym>
</rtept>
<rtept lat="-0.6318493102" lon="130.0139149940">
<time>2023-01-31T14:45:00Z</time>
<name>p0000000190</name>
<type>WPT</type>
<sym>square</sym>
</rtept>
<rtept lat="-0.6255526160" lon="130.0140865112">
<time>2023-01-31T14:50:00Z</time>
<name>p0000000191</name>
<type>WPT</type>
<sym>square</sym>
</rtept>
<rtept lat="-0.6192232175" lon="130.0142589188">
<time>2023-01-31T14:55:00Z</time>
<name>p0000000192</name>
<type>WPT</type>
<sym>square</sym>
</rtept>
<rtept lat="-0.6128659431" lon="130.0144320854">
<time>2023-01-31T15:00:00Z</time>
<name>p0000000193</name>
<type>WPT</type>
<sym>square</sym>
</rtept>
<rtept lat="-0.6065162417" lon="130.0146050453">
<time>2023-01-31T15:05:00Z</time>
<name>p0000000194</name>
<type>WPT</type>
<sym>square</sym>
</rtept>
<rtept lat="-0.6001711019" lon="130.0147778805">
<time>2023-01-31T15:10:00Z</time>
<name>p0000000195</name>
<type>WPT</type>
<sym>square</sym>
</rtept>
<rtept lat="-0.5938275105" lon="130.0149506731">
<time>2023-01-31T15:15:00Z</time>
<name>p0000000196</name>
<type>WPT</type>
<sym>square</sym>
</rtept>
<rtept lat="-0.5874824509" lon="130.0151235053">
<time>2023-01-31T15:20:00Z</time>
<name>p0000000197</name>
<type>WPT</type>
<sym>square</sym>
</rtept>
<rtept lat="-0.5811329030" lon="130.0152964594">
<time>2023-01-31T15:25:00Z</time>
<name>p0000000198</name>
<type>WPT</type>
<sym>square</sym>
</rtept>
<rtept lat="-0.5747758423" lon="130.0154696177">
<time>2023-01-31T15:30:00Z</time>
<name>p0000000199</name>
<type>WPT</type>
<sym>square</sym>
</rtept>
<rtept lat="-0.5684082390" lon="130.0156430628">
<time>2023-01-31T15:35:00Z</time>
<name>p0000000200</name>
<type>WPT</type>
<sym>square</sym>
</rtept>
<rtept lat="-0.5620270574" lon="130.0158168773">
<time>2023-01-31T15:40:00Z</time>
<name>p0000000201</name>
<type>WPT</type>
<sym>square</sym>
</rtept>
<rtept lat="-0.5556292551" lon="130.0159911442">
<time>2023-01-31T15:45:00Z</time>
<name>p0000000202</name>
<type>WPT</type>
<sym>square</sym>
</rtept>
<rtept lat="-0.5492117826" lon="130.0161659466">
<time>2023-01-31T15:50:00Z</time>
<name>p0000000203</name>
<type>WPT</type>
<sym>square</sym>
</rtept>
<rtept lat="-0.5427715823" lon="130.0163413676">
<time>2023-01-31T15:55:00Z</time>
<name>p0000000204</name>
<type>WPT</type>
<sym>square</sym>
</rtept>
<rtept lat="-0.5363055883" lon="130.0165174908">
<time>2023-01-31T16:00:00Z</time>
<name>p0000000205</name>
<type>WPT</type>
<sym>square</sym>
</rtept>
<rtept lat="-0.5298107256" lon="130.0166943999">
<time>2023-01-31T16:05:00Z</time>
<name>p0000000206</name>
<type>WPT</type>
<sym>square</sym>
</rtept>
<rtept lat="-0.5232839098" lon="130.0168721791">
<time>2023-01-31T16:10:00Z</time>
<name>p0000000207</name>
<type>WPT</type>
<sym>square</sym>
</rtept>
<rtept lat="-0.5167220469" lon="130.0170509125">
<time>2023-01-31T16:15:00Z</time>
<name>p0000000208</name>
<type>WPT</type>
<sym>square</sym>
</rtept>
<rtept lat="-0.5101220327" lon="130.0172306846">
<time>2023-01-31T16:20:00Z</time>
<name>p0000000209</name>
<type>WPT</type>
<sym>square</sym>
</rtept>
<rtept lat="-0.5034807528" lon="130.0174115805">
<time>2023-01-31T16:25:00Z</time>
<name>p0000000210</name>
<type>WPT</type>
<sym>square</sym>
</rtept>
<rtept lat="-0.4967950823" lon="130.0175936850">
<time>2023-01-31T16:30:00Z</time>
<name>p0000000211</name>
<type>WPT</type>
<sym>square</sym>
</rtept>
<rtept lat="-0.4900500496" lon="130.0177774061">
<time>2023-01-31T16:35:00Z</time>
<name>p0000000212</name>
<type>WPT</type>
<sym>square</sym>
</rtept>
<rtept lat="-0.4832313298" lon="130.0179631339">
<time>2023-01-31T16:40:00Z</time>
<name>p0000000213</name>
<type>WPT</type>
<sym>square</sym>
</rtept>
<rtept lat="-0.4763381079" lon="130.0181508906">
<time>2023-01-31T16:45:00Z</time>
<name>p0000000214</name>
<type>WPT</type>
<sym>square</sym>
</rtept>
<rtept lat="-0.4693694673" lon="130.0183407011">
<time>2023-01-31T16:50:00Z</time>
<name>p0000000215</name>
<type>WPT</type>
<sym>square</sym>
</rtept>
<rtept lat="-0.4623244735" lon="130.0185325910">
<time>2023-01-31T16:55:00Z</time>
<name>p0000000216</name>
<type>WPT</type>
<sym>square</sym>
</rtept>
<rtept lat="-0.4552021747" lon="130.0187265861">
<time>2023-01-31T17:00:00Z</time>
<name>p0000000217</name>
<type>WPT</type>
<sym>square</sym>
</rtept>
<rtept lat="-0.4480016008" lon="130.0189227128">
<time>2023-01-31T17:05:00Z</time>
<name>p0000000218</name>
<type>WPT</type>
<sym>square</sym>
</rtept>
<rtept lat="-0.4407217637" lon="130.0191209981">
<time>2023-01-31T17:10:00Z</time>
<name>p0000000219</name>
<type>WPT</type>
<sym>square</sym>
</rtept>
<rtept lat="-0.4333616568" lon="130.0193214693">
<time>2023-01-31T17:15:00Z</time>
<name>p0000000220</name>
<type>WPT</type>
<sym>square</sym>
</rtept>
<rtept lat="-0.4259202550" lon="130.0195241544">
<time>2023-01-31T17:20:00Z</time>
<name>p0000000221</name>
<type>WPT</type>
<sym>square</sym>
</rtept>
<rtept lat="-0.4183965142" lon="130.0197290818">
<time>2023-01-31T17:25:00Z</time>
<name>p0000000222</name>
<type>WPT</type>
<sym>square</sym>
</rtept>
<rtept lat="-0.4107893718" lon="130.0199362805">
<time>2023-01-31T17:30:00Z</time>
<name>p0000000223</name>
<type>WPT</type>
<sym>square</sym>
</rtept>
<rtept lat="-0.4030977456" lon="130.0201457798">
<time>2023-01-31T17:35:00Z</time>
<name>p0000000224</name>
<type>WPT</type>
<sym>square</sym>
</rtept>
<rtept lat="-0.3953205344" lon="130.0203576099">
<time>2023-01-31T17:40:00Z</time>
<name>p0000000225</name>
<type>WPT</type>
<sym>square</sym>
</rtept>
<rtept lat="-0.3874566176" lon="130.0205718012">
<time>2023-01-31T17:45:00Z</time>
<name>p0000000226</name>
<type>WPT</type>
<sym>square</sym>
</rtept>
<rtept lat="-0.3795048551" lon="130.0207883847">
<time>2023-01-31T17:50:00Z</time>
<name>p0000000227</name>
<type>WPT</type>
<sym>square</sym>
</rtept>
<rtept lat="-0.3714640872" lon="130.0210073921">
<time>2023-01-31T17:55:00Z</time>
<name>p0000000228</name>
<type>WPT</type>
<sym>square</sym>
</rtept>
<rtept lat="-0.3633331343" lon="130.0212288555">
<time>2023-01-31T18:00:00Z</time>
<name>p0000000229</name>
<type>WPT</type>
<sym>square</sym>
</rtept>
<rtept lat="-0.3551522536" lon="130.0214516783">
<time>2023-01-31T18:05:00Z</time>
<name>p0000000230</name>
<type>WPT</type>
<sym>square</sym>
</rtept>
<rtept lat="-0.3469331623" lon="130.0216755415">
<time>2023-01-31T18:10:00Z</time>
<name>p0000000231</name>
<type>WPT</type>
<sym>square</sym>
</rtept>
<rtept lat="-0.3386787648" lon="130.0219003659">
<time>2023-01-31T18:15:00Z</time>
<name>p0000000232</name>
<type>WPT</type>
<sym>square</sym>
</rtept>
<rtept lat="-0.3303920239" lon="130.0221260709">
<time>2023-01-31T18:20:00Z</time>
<name>p0000000233</name>
<type>WPT</type>
<sym>square</sym>
</rtept>
<rtept lat="-0.3220759611" lon="130.0223525741">
<time>2023-01-31T18:25:00Z</time>
<name>p0000000234</name>
<type>WPT</type>
<sym>square</sym>
</rtept>
<rtept lat="-0.3137338541" lon="130.0225797863">
<time>2023-01-31T18:30:00Z</time>
<name>p0000000235</name>
<type>WPT</type>
<sym>square</sym>
</rtept>
<rtept lat="-0.3053715301" lon="130.0228075487">
<time>2023-01-31T18:35:00Z</time>
<name>p0000000236</name>
<type>WPT</type>
<sym>square</sym>
</rtept>
<rtept lat="-0.2969922197" lon="130.0230357735">
<time>2023-01-31T18:40:00Z</time>
<name>p0000000237</name>
<type>WPT</type>
<sym>square</sym>
</rtept>
<rtept lat="-0.2885992109" lon="130.0232643710">
<time>2023-01-31T18:45:00Z</time>
<name>p0000000238</name>
<type>WPT</type>
<sym>square</sym>
</rtept>
<rtept lat="-0.2801958481" lon="130.0234932501">
<time>2023-01-31T18:50:00Z</time>
<name>p0000000239</name>
<type>WPT</type>
<sym>square</sym>
</rtept>
<rtept lat="-0.2717855323" lon="130.0237223183">
<time>2023-01-31T18:55:00Z</time>
<name>p0000000240</name>
<type>WPT</type>
<sym>square</sym>
</rtept>
<rtept lat="-0.2633717203" lon="130.0239514814">
<time>2023-01-31T19:00:00Z</time>
<name>p0000000241</name>
<type>WPT</type>
<sym>square</sym>
</rtept>
<rtept lat="-0.2549579245" lon="130.0241806437">
<time>2023-01-31T19:05:00Z</time>
<name>p0000000242</name>
<type>WPT</type>
<sym>square</sym>
</rtept>
<rtept lat="-0.2465477122" lon="130.0244097081">
<time>2023-01-31T19:10:00Z</time>
<name>p0000000243</name>
<type>WPT</type>
<sym>square</sym>
</rtept>
<rtept lat="-0.2381502936" lon="130.0246384237">
<time>2023-01-31T19:15:00Z</time>
<name>p0000000244</name>
<type>WPT</type>
<sym>square</sym>
</rtept>
<rtept lat="-0.2297774729" lon="130.0248664691">
<time>2023-01-31T19:20:00Z</time>
<name>p0000000245</name>
<type>WPT</type>
<sym>square</sym>
</rtept>
<rtept lat="-0.2214331494" lon="130.0250937381">
<time>2023-01-31T19:25:00Z</time>
<name>p0000000246</name>
<type>WPT</type>
<sym>square</sym>
</rtept>
<rtept lat="-0.2131212858" lon="130.0253201227">
<time>2023-01-31T19:30:00Z</time>
<name>p0000000247</name>
<type>WPT</type>
<sym>square</sym>
</rtept>
<rtept lat="-0.2048459015" lon="130.0255455134">
<time>2023-01-31T19:35:00Z</time>
<name>p0000000248</name>
<type>WPT</type>
<sym>square</sym>
</rtept>
<rtept lat="-0.1937102801" lon="130.0190557087">
<time>2023-01-31T19:40:00Z</time>
<name>p0000000249</name>
<type>WPT</type>
<sym>square</sym>
</rtept>
<rtept lat="-0.1826030597" lon="130.0125824663">
<time>2023-01-31T19:45:00Z</time>
<name>p0000000250</name>
<type>WPT</type>
<sym>square</sym>
</rtept>
<rtept lat="-0.1715263460" lon="130.0061270125">
<time>2023-01-31T19:50:00Z</time>
<name>p0000000251</name>
<type>WPT</type>
<sym>square</sym>
</rtept>
<rtept lat="-0.1604821976" lon="129.9996905467">
<time>2023-01-31T19:55:00Z</time>
<name>p0000000252</name>
<type>WPT</type>
<sym>square</sym>
</rtept>
<rtept lat="-0.1494724987" lon="129.9932741661">
<time>2023-01-31T20:00:00Z</time>
<name>p0000000253</name>
<type>WPT</type>
<sym>square</sym>
</rtept>
<rtept lat="-0.1384955883" lon="129.9868769021">
<time>2023-01-31T20:05:00Z</time>
<name>p0000000254</name>
<type>WPT</type>
<sym>square</sym>
</rtept>
<rtept lat="-0.1275513105" lon="129.9804986634">
<time>2023-01-31T20:10:00Z</time>
<name>p0000000255</name>
<type>WPT</type>
<sym>square</sym>
</rtept>
<rtept lat="-0.1166394587" lon="129.9741393287">
<time>2023-01-31T20:15:00Z</time>
<name>p0000000256</name>
<type>WPT</type>
<sym>square</sym>
</rtept>
<rtept lat="-0.1057654609" lon="129.9678020610">
<time>2023-01-31T20:20:00Z</time>
<name>p0000000257</name>
<type>WPT</type>
<sym>square</sym>
</rtept>
<rtept lat="-0.0949338316" lon="129.9614894906">
<time>2023-01-31T20:25:00Z</time>
<name>p0000000258</name>
<type>WPT</type>
<sym>square</sym>
</rtept>
<rtept lat="-0.0841445542" lon="129.9552016073">
<time>2023-01-31T20:30:00Z</time>
<name>p0000000259</name>
<type>WPT</type>
<sym>square</sym>
</rtept>
<rtept lat="-0.0733975060" lon="129.9489383390">
<time>2023-01-31T20:35:00Z</time>
<name>p0000000260</name>
<type>WPT</type>
<sym>square</sym>
</rtept>
<rtept lat="-0.0626924590" lon="129.9426995523">
<time>2023-01-31T20:40:00Z</time>
<name>p0000000261</name>
<type>WPT</type>
<sym>square</sym>
</rtept>
<rtept lat="-0.0520290822" lon="129.9364850537">
<time>2023-01-31T20:45:00Z</time>
<name>p0000000262</name>
<type>WPT</type>
<sym>square</sym>
</rtept>
<rtept lat="-0.0414069427" lon="129.9302945903">
<time>2023-01-31T20:50:00Z</time>
<name>p0000000263</name>
<type>WPT</type>
<sym>square</sym>
</rtept>
<rtept lat="-0.0308255089" lon="129.9241278518">
<time>2023-01-31T20:55:00Z</time>
<name>p0000000264</name>
<type>WPT</type>
<sym>square</sym>
</rtept>
<rtept lat="-0.0202841521" lon="129.9179844714">
<time>2023-01-31T21:00:00Z</time>
<name>p0000000265</name>
<type>WPT</type>
<sym>square</sym>
</rtept>
<rtept lat="-0.0097167193" lon="129.9118258952">
<time>2023-01-31T21:05:00Z</time>
<name>p0000000266</name>
<type>WPT</type>
<sym>square</sym>
</rtept>
<rtept lat="0.0008778172" lon="129.9056515239">
<time>2023-01-31T21:10:00Z</time>
<name>p0000000267</name>
<type>WPT</type>
<sym>square</sym>
</rtept>
<rtept lat="0.0115019968" lon="129.8994598771">
<time>2023-01-31T21:15:00Z</time>
<name>p0000000268</name>
<type>WPT</type>
<sym>square</sym>
</rtept>
<rtept lat="0.0221736857" lon="129.8932405420">
<time>2023-01-31T21:20:00Z</time>
<name>p0000000269</name>
<type>WPT</type>
<sym>square</sym>
</rtept>
<rtept lat="0.0328903502" lon="129.8869949947">
<time>2023-01-31T21:25:00Z</time>
<name>p0000000270</name>
<type>WPT</type>
<sym>square</sym>
</rtept>
<rtept lat="0.0436494689" lon="129.8807247042">
<time>2023-01-31T21:30:00Z</time>
<name>p0000000271</name>
<type>WPT</type>
<sym>square</sym>
</rtept>
<rtept lat="0.0544485373" lon="129.8744311294">
<time>2023-01-31T21:35:00Z</time>
<name>p0000000272</name>
<type>WPT</type>
<sym>square</sym>
</rtept>
<rtept lat="0.0652850727" lon="129.8681157169">
<time>2023-01-31T21:40:00Z</time>
<name>p0000000273</name>
<type>WPT</type>
<sym>square</sym>
</rtept>
<rtept lat="0.0761554461" lon="129.8617805808">
<time>2023-01-31T21:45:00Z</time>
<name>p0000000274</name>
<type>WPT</type>
<sym>square</sym>
</rtept>
<rtept lat="0.0870479492" lon="129.8554325441">
<time>2023-01-31T21:50:00Z</time>
<name>p0000000275</name>
<type>WPT</type>
<sym>square</sym>
</rtept>
<rtept lat="0.0979607422" lon="129.8490726784">
<time>2023-01-31T21:55:00Z</time>
<name>p0000000276</name>
<type>WPT</type>
<sym>square</sym>
</rtept>
<rtept lat="0.1088920249" lon="129.8427020323">
<time>2023-01-31T22:00:00Z</time>
<name>p0000000277</name>
<type>WPT</type>
<sym>square</sym>
</rtept>
<rtept lat="0.1198400415" lon="129.8363216286">
<time>2023-01-31T22:05:00Z</time>
<name>p0000000278</name>
<type>WPT</type>
<sym>square</sym>
</rtept>
<rtept lat="0.1308030843" lon="129.8299324618">
<time>2023-01-31T22:10:00Z</time>
<name>p0000000279</name>
<type>WPT</type>
<sym>square</sym>
</rtept>
<rtept lat="0.1417794979" lon="129.8235354960">
<time>2023-01-31T22:15:00Z</time>
<name>p0000000280</name>
<type>WPT</type>
<sym>square</sym>
</rtept>
<rtept lat="0.1527676820" lon="129.8171316634">
<time>2023-01-31T22:20:00Z</time>
<name>p0000000281</name>
<type>WPT</type>
<sym>square</sym>
</rtept>
<rtept lat="0.1637660943" lon="129.8107218622">
<time>2023-01-31T22:25:00Z</time>
<name>p0000000282</name>
<type>WPT</type>
<sym>square</sym>
</rtept>
<rtept lat="0.1747732526" lon="129.8043069556">
<time>2023-01-31T22:30:00Z</time>
<name>p0000000283</name>
<type>WPT</type>
<sym>square</sym>
</rtept>
<rtept lat="0.1857877368" lon="129.7978877706">
<time>2023-01-31T22:35:00Z</time>
<name>p0000000284</name>
<type>WPT</type>
<sym>square</sym>
</rtept>
<rtept lat="0.1968081899" lon="129.7914650974">
<time>2023-01-31T22:40:00Z</time>
<name>p0000000285</name>
<type>WPT</type>
<sym>square</sym>
</rtept>
<rtept lat="0.2078333193" lon="129.7850396887">
<time>2023-01-31T22:45:00Z</time>
<name>p0000000286</name>
<type>WPT</type>
<sym>square</sym>
</rtept>
<rtept lat="0.2188618970" lon="129.7786122595">
<time>2023-01-31T22:50:00Z</time>
<name>p0000000287</name>
<type>WPT</type>
<sym>square</sym>
</rtept>
<rtept lat="0.2298927597" lon="129.7721834871">
<time>2023-01-31T22:55:00Z</time>
<name>p0000000288</name>
<type>WPT</type>
<sym>square</sym>
</rtept>
<rtept lat="0.2409248086" lon="129.7657540111">
<time>2023-01-31T23:00:00Z</time>
<name>p0000000289</name>
<type>WPT</type>
<sym>square</sym>
</rtept>
<rtept lat="0.2519570083" lon="129.7593244341">
<time>2023-01-31T23:05:00Z</time>
<name>p0000000290</name>
<type>WPT</type>
<sym>square</sym>
</rtept>
<rtept lat="0.2629886326" lon="129.7528951781">
<time>2023-01-31T23:10:00Z</time>
<name>p0000000291</name>
<type>WPT</type>
<sym>square</sym>
</rtept>
<rtept lat="0.2740195792" lon="129.7464663003">
<time>2023-01-31T23:15:00Z</time>
<name>p0000000292</name>
<type>WPT</type>
<sym>square</sym>
</rtept>
<rtept lat="0.2822787893" lon="129.7467570774">
<time>2023-01-31T23:20:00Z</time>
<name>p0000000293</name>
<type>WPT</type>
<sym>square</sym>
</rtept>
<rtept lat="0.2905519488" lon="129.7470483461">
<time>2023-01-31T23:25:00Z</time>
<name>p0000000294</name>
<type>WPT</type>
<sym>square</sym>
</rtept>
<rtept lat="0.2988390741" lon="129.7473401068">
<time>2023-01-31T23:30:00Z</time>
<name>p0000000295</name>
<type>WPT</type>
<sym>square</sym>
</rtept>
<rtept lat="0.3071401896" lon="129.7476323605">
<time>2023-01-31T23:35:00Z</time>
<name>p0000000296</name>
<type>WPT</type>
<sym>square</sym>
</rtept>
<rtept lat="0.3154553301" lon="129.7479251085">
<time>2023-01-31T23:40:00Z</time>
<name>p0000000297</name>
<type>WPT</type>
<sym>square</sym>
</rtept>
<rtept lat="0.3237845410" lon="129.7482183523">
<time>2023-01-31T23:45:00Z</time>
<name>p0000000298</name>
<type>WPT</type>
<sym>square</sym>
</rtept>
<rtept lat="0.3321278799" lon="129.7485120940">
<time>2023-01-31T23:50:00Z</time>
<name>p0000000299</name>
<type>WPT</type>
<sym>square</sym>
</rtept>
<rtept lat="0.3404854184" lon="129.7488063361">
<time>2023-01-31T23:55:00Z</time>
<name>p0000000300</name>
<type>WPT</type>
<sym>square</sym>
</rtept>
<rtept lat="0.3488572425" lon="129.7491010816">
<time>2023-02-01T00:00:00Z</time>
<name>p0000000301</name>
<type>WPT</type>
<sym>square</sym>
</rtept>
<rtept lat="0.3572587685" lon="129.7493968734">
<time>2023-02-01T00:05:00Z</time>
<name>p0000000302</name>
<type>WPT</type>
<sym>square</sym>
</rtept>
<rtept lat="0.3656908079" lon="129.7496937400">
<time>2023-02-01T00:10:00Z</time>
<name>p0000000303</name>
<type>WPT</type>
<sym>square</sym>
</rtept>
<rtept lat="0.3741541621" lon="129.7499917097">
<time>2023-02-01T00:15:00Z</time>
<name>p0000000304</name>
<type>WPT</type>
<sym>square</sym>
</rtept>
<rtept lat="0.3826496211" lon="129.7502908103">
<time>2023-02-01T00:20:00Z</time>
<name>p0000000305</name>
<type>WPT</type>
<sym>square</sym>
</rtept>
<rtept lat="0.3911786263" lon="129.7505910925">
<time>2023-02-01T00:25:00Z</time>
<name>p0000000306</name>
<type>WPT</type>
<sym>square</sym>
</rtept>
<rtept lat="0.3997419199" lon="129.7508925825">
<time>2023-02-01T00:30:00Z</time>
<name>p0000000307</name>
<type>WPT</type>
<sym>square</sym>
</rtept>
<rtept lat="0.4083402150" lon="129.7511953055">
<time>2023-02-01T00:35:00Z</time>
<name>p0000000308</name>
<type>WPT</type>
<sym>square</sym>
</rtept>
<rtept lat="0.4169742146" lon="129.7514992862">
<time>2023-02-01T00:40:00Z</time>
<name>p0000000309</name>
<type>WPT</type>
<sym>square</sym>
</rtept>
<rtept lat="0.4256446114" lon="129.7518045490">
<time>2023-02-01T00:45:00Z</time>
<name>p0000000310</name>
<type>WPT</type>
<sym>square</sym>
</rtept>
<rtept lat="0.4343520872" lon="129.7521111179">
<time>2023-02-01T00:50:00Z</time>
<name>p0000000311</name>
<type>WPT</type>
<sym>square</sym>
</rtept>
<rtept lat="0.4430973120" lon="129.7524190166">
<time>2023-02-01T00:55:00Z</time>
<name>p0000000312</name>
<type>WPT</type>
<sym>square</sym>
</rtept>
<rtept lat="0.4518809445" lon="129.7527282683">
<time>2023-02-01T01:00:00Z</time>
<name>p0000000313</name>
<type>WPT</type>
<sym>square</sym>
</rtept>
<rtept lat="0.4607036307" lon="129.7530388957">
<time>2023-02-01T01:05:00Z</time>
<name>p0000000314</name>
<type>WPT</type>
<sym>square</sym>
</rtept>
<rtept lat="0.4695660038" lon="129.7533509212">
<time>2023-02-01T01:10:00Z</time>
<name>p0000000315</name>
<type>WPT</type>
<sym>square</sym>
</rtept>
<rtept lat="0.4784686840" lon="129.7536643666">
<time>2023-02-01T01:15:00Z</time>
<name>p0000000316</name>
<type>WPT</type>
<sym>square</sym>
</rtept>
<rtept lat="0.4874122778" lon="129.7539792533">
<time>2023-02-01T01:20:00Z</time>
<name>p0000000317</name>
<type>WPT</type>
<sym>square</sym>
</rtept>
<rtept lat="0.4963973776" lon="129.7542956022">
<time>2023-02-01T01:25:00Z</time>
<name>p0000000318</name>
<type>WPT</type>
<sym>square</sym>
</rtept>
<rtept lat="0.5054214291" lon="129.7546133234">
<time>2023-02-01T01:30:00Z</time>
<name>p0000000319</name>
<type>WPT</type>
<sym>square</sym>
</rtept>
<rtept lat="0.5144945015" lon="129.7549327714">
<time>2023-02-01T01:35:00Z</time>
<name>p0000000320</name>
<type>WPT</type>
<sym>square</sym>
</rtept>
<rtept lat="0.5236237997" lon="129.7552541999">
<time>2023-02-01T01:40:00Z</time>
<name>p0000000321</name>
<type>WPT</type>
<sym>square</sym>
</rtept>
<rtept lat="0.5328101479" lon="129.7555776380">
<time>2023-02-01T01:45:00Z</time>
<name>p0000000322</name>
<type>WPT</type>
<sym>square</sym>
</rtept>
<rtept lat="0.5420543306" lon="129.7559031134">
<time>2023-02-01T01:50:00Z</time>
<name>p0000000323</name>
<type>WPT</type>
<sym>square</sym>
</rtept>
<rtept lat="0.5513570922" lon="129.7562306522">
<time>2023-02-01T01:55:00Z</time>
<name>p0000000324</name>
<type>WPT</type>
<sym>square</sym>
</rtept>
<rtept lat="0.5607191351" lon="129.7565602793">
<time>2023-02-01T02:00:00Z</time>
<name>p0000000325</name>
<type>WPT</type>
<sym>square</sym>
</rtept>
<rtept lat="0.5701411190" lon="129.7568920179">
<time>2023-02-01T02:05:00Z</time>
<name>p0000000326</name>
<type>WPT</type>
<sym>square</sym>
</rtept>
<rtept lat="0.5796236597" lon="129.7572258898">
<time>2023-02-01T02:10:00Z</time>
<name>p0000000327</name>
<type>WPT</type>
<sym>square</sym>
</rtept>
<rtept lat="0.5891673281" lon="129.7575619150">
<time>2023-02-01T02:15:00Z</time>
<name>p0000000328</name>
<type>WPT</type>
<sym>square</sym>
</rtept>
<rtept lat="0.5987726495" lon="129.7579001122">
<time>2023-02-01T02:20:00Z</time>
<name>p0000000329</name>
<type>WPT</type>
<sym>square</sym>
</rtept>
<rtept lat="0.6084401022" lon="129.7582404981">
<time>2023-02-01T02:25:00Z</time>
<name>p0000000330</name>
<type>WPT</type>
<sym>square</sym>
</rtept>
<rtept lat="0.6181701174" lon="129.7585830881">
<time>2023-02-01T02:30:00Z</time>
<name>p0000000331</name>
<type>WPT</type>
<sym>square</sym>
</rtept>
<rtept lat="0.6279630781" lon="129.7589278956">
<time>2023-02-01T02:35:00Z</time>
<name>p0000000332</name>
<type>WPT</type>
<sym>square</sym>
</rtept>
<rtept lat="0.6378193183" lon="129.7592749325">
<time>2023-02-01T02:40:00Z</time>
<name>p0000000333</name>
<type>WPT</type>
<sym>square</sym>
</rtept>
<rtept lat="0.6477391230" lon="129.7596242088">
<time>2023-02-01T02:45:00Z</time>
<name>p0000000334</name>
<type>WPT</type>
<sym>square</sym>
</rtept>
<rtept lat="0.6577227275" lon="129.7599757329">
<time>2023-02-01T02:50:00Z</time>
<name>p0000000335</name>
<type>WPT</type>
<sym>square</sym>
</rtept>
<rtept lat="0.6677703167" lon="129.7603295113">
<time>2023-02-01T02:55:00Z</time>
<name>p0000000336</name>
<type>WPT</type>
<sym>square</sym>
</rtept>
<rtept lat="0.6778857083" lon="129.7606856785">
<time>2023-02-01T03:00:00Z</time>
<name>p0000000337</name>
<type>WPT</type>
<sym>square</sym>
</rtept>
<rtept lat="0.6880289119" lon="129.7610428265">
<time>2023-02-01T03:05:00Z</time>
<name>p0000000338</name>
<type>WPT</type>
<sym>square</sym>
</rtept>
<rtept lat="0.6981999894" lon="129.7614009575">
<time>2023-02-01T03:10:00Z</time>
<name>p0000000339</name>
<type>WPT</type>
<sym>square</sym>
</rtept>
<rtept lat="0.7083990020" lon="129.7617600736">
<time>2023-02-01T03:15:00Z</time>
<name>p0000000340</name>
<type>WPT</type>
<sym>square</sym>
</rtept>
<rtept lat="0.7186260103" lon="129.7621201771">
<time>2023-02-01T03:20:00Z</time>
<name>p0000000341</name>
<type>WPT</type>
<sym>square</sym>
</rtept>
<rtept lat="0.7288810742" lon="129.7624812701">
<time>2023-02-01T03:25:00Z</time>
<name>p0000000342</name>
<type>WPT</type>
<sym>square</sym>
</rtept>
<rtept lat="0.7391642531" lon="129.7628433547">
<time>2023-02-01T03:30:00Z</time>
<name>p0000000343</name>
<type>WPT</type>
<sym>square</sym>
</rtept>
<rtept lat="0.7494756064" lon="129.7632064330">
<time>2023-02-01T03:35:00Z</time>
<name>p0000000344</name>
<type>WPT</type>
<sym>square</sym>
</rtept>
<rtept lat="0.7598151928" lon="129.7635705072">
<time>2023-02-01T03:40:00Z</time>
<name>p0000000345</name>
<type>WPT</type>
<sym>square</sym>
</rtept>
<rtept lat="0.7701587930" lon="129.7639347244">
<time>2023-02-01T03:45:00Z</time>
<name>p0000000346</name>
<type>WPT</type>
<sym>square</sym>
</rtept>
<rtept lat="0.7805073361" lon="129.7642991175">
<time>2023-02-01T03:50:00Z</time>
<name>p0000000347</name>
<type>WPT</type>
<sym>square</sym>
</rtept>
<rtept lat="0.7908631328" lon="129.7646637678">
<time>2023-02-01T03:55:00Z</time>
<name>p0000000348</name>
<type>WPT</type>
<sym>square</sym>
</rtept>
<rtept lat="0.8012285259" lon="129.7650287578">
<time>2023-02-01T04:00:00Z</time>
<name>p0000000349</name>
<type>WPT</type>
<sym>square</sym>
</rtept>
<rtept lat="0.8116058954" lon="129.7653941714">
<time>2023-02-01T04:05:00Z</time>
<name>p0000000350</name>
<type>WPT</type>
<sym>square</sym>
</rtept>
<rtept lat="0.8219976633" lon="129.7657600939">
<time>2023-02-01T04:10:00Z</time>
<name>p0000000351</name>
<type>WPT</type>
<sym>square</sym>
</rtept>
<rtept lat="0.8324062998" lon="129.7661266123">
<time>2023-02-01T04:15:00Z</time>
<name>p0000000352</name>
<type>WPT</type>
<sym>square</sym>
</rtept>
<rtept lat="0.8428343282" lon="129.7664938154">
<time>2023-02-01T04:20:00Z</time>
<name>p0000000353</name>
<type>WPT</type>
<sym>square</sym>
</rtept>
<rtept lat="0.8532843306" lon="129.7668617944">
<time>2023-02-01T04:25:00Z</time>
<name>p0000000354</name>
<type>WPT</type>
<sym>square</sym>
</rtept>
<rtept lat="0.8637589543" lon="129.7672306423">
<time>2023-02-01T04:30:00Z</time>
<name>p0000000355</name>
<type>WPT</type>
<sym>square</sym>
</rtept>
<rtept lat="0.8742609177" lon="129.7676004550">
<time>2023-02-01T04:35:00Z</time>
<name>p0000000356</name>
<type>WPT</type>
<sym>square</sym>
</rtept>
<rtept lat="0.8847930164" lon="129.7679713310">
<time>2023-02-01T04:40:00Z</time>
<name>p0000000357</name>
<type>WPT</type>
<sym>square</sym>
</rtept>
<rtept lat="0.8953581303" lon="129.7683433717">
<time>2023-02-01T04:45:00Z</time>
<name>p0000000358</name>
<type>WPT</type>
<sym>square</sym>
</rtept>
<rtept lat="0.9059592301" lon="129.7687166817">
<time>2023-02-01T04:50:00Z</time>
<name>p0000000359</name>
<type>WPT</type>
<sym>square</sym>
</rtept>
<rtept lat="0.9165993850" lon="129.7690913693">
<time>2023-02-01T04:55:00Z</time>
<name>p0000000360</name>
<type>WPT</type>
<sym>square</sym>
</rtept>
<rtept lat="0.9272817701" lon="129.7694675462">
<time>2023-02-01T05:00:00Z</time>
<name>p0000000361</name>
<type>WPT</type>
<sym>square</sym>
</rtept>
<rtept lat="0.9380096746" lon="129.7698453284">
<time>2023-02-01T05:05:00Z</time>
<name>p0000000362</name>
<type>WPT</type>
<sym>square</sym>
</rtept>
<rtept lat="0.9487865099" lon="129.7702248360">
<time>2023-02-01T05:10:00Z</time>
<name>p0000000363</name>
<type>WPT</type>
<sym>square</sym>
</rtept>
<rtept lat="0.9596158192" lon="129.7706061939">
<time>2023-02-01T05:15:00Z</time>
<name>p0000000364</name>
<type>WPT</type>
<sym>square</sym>
</rtept>
<rtept lat="0.9705012862" lon="129.7709895318">
<time>2023-02-01T05:20:00Z</time>
<name>p0000000365</name>
<type>WPT</type>
<sym>square</sym>
</rtept>
<rtept lat="0.9814467455" lon="129.7713749849">
<time>2023-02-01T05:25:00Z</time>
<name>p0000000366</name>
<type>WPT</type>
<sym>square</sym>
</rtept>
<rtept lat="0.9924594724" lon="129.7717628094">
<time>2023-02-01T05:30:00Z</time>
<name>p0000000367</name>
<type>WPT</type>
<sym>square</sym>
</rtept>
<rtept lat="1.0035441670" lon="129.7721531710">
<time>2023-02-01T05:35:00Z</time>
<name>p0000000368</name>
<type>WPT</type>
<sym>square</sym>
</rtept>
<rtept lat="1.0147147321" lon="129.7725465593">
<time>2023-02-01T05:40:00Z</time>
<name>p0000000369</name>
<type>WPT</type>
<sym>square</sym>
</rtept>
<rtept lat="1.0259397994" lon="129.7729418697">
<time>2023-02-01T05:45:00Z</time>
<name>p0000000370</name>
<type>WPT</type>
<sym>square</sym>
</rtept>
<rtept lat="1.0372044713" lon="129.7733385777">
<time>2023-02-01T05:50:00Z</time>
<name>p0000000371</name>
<type>WPT</type>
<sym>square</sym>
</rtept>
<rtept lat="1.0485102300" lon="129.7737367355">
<time>2023-02-01T05:55:00Z</time>
<name>p0000000372</name>
<type>WPT</type>
<sym>square</sym>
</rtept>
<rtept lat="1.0598585587" lon="129.7741363954">
<time>2023-02-01T06:00:00Z</time>
<name>p0000000373</name>
<type>WPT</type>
<sym>square</sym>
</rtept>
<rtept lat="1.0712173930" lon="129.7745364283">
<time>2023-02-01T06:05:00Z</time>
<name>p0000000374</name>
<type>WPT</type>
<sym>square</sym>
</rtept>
<rtept lat="1.0825861743" lon="129.7749368145">
<time>2023-02-01T06:10:00Z</time>
<name>p0000000375</name>
<type>WPT</type>
<sym>square</sym>
</rtept>
<rtept lat="1.0939651579" lon="129.7753375630">
<time>2023-02-01T06:15:00Z</time>
<name>p0000000376</name>
<type>WPT</type>
<sym>square</sym>
</rtept>
<rtept lat="1.1053616358" lon="129.7757389307">
<time>2023-02-01T06:20:00Z</time>
<name>p0000000377</name>
<type>WPT</type>
<sym>square</sym>
</rtept>
<rtept lat="1.1167755189" lon="129.7761409146">
<time>2023-02-01T06:25:00Z</time>
<name>p0000000378</name>
<type>WPT</type>
<sym>square</sym>
</rtept>
<rtept lat="1.1282067273" lon="129.7765435117">
<time>2023-02-01T06:30:00Z</time>
<name>p0000000379</name>
<type>WPT</type>
<sym>square</sym>
</rtept>
<rtept lat="1.1396551911" lon="129.7769467199">
<time>2023-02-01T06:35:00Z</time>
<name>p0000000380</name>
<type>WPT</type>
<sym>square</sym>
</rtept>
<rtept lat="1.1511208502" lon="129.7773505368">
<time>2023-02-01T06:40:00Z</time>
<name>p0000000381</name>
<type>WPT</type>
<sym>square</sym>
</rtept>
<rtept lat="1.1626036549" lon="129.7777549610">
<time>2023-02-01T06:45:00Z</time>
<name>p0000000382</name>
<type>WPT</type>
<sym>square</sym>
</rtept>
<rtept lat="1.1741035661" lon="129.7781599910">
<time>2023-02-01T06:50:00Z</time>
<name>p0000000383</name>
<type>WPT</type>
<sym>square</sym>
</rtept>
<rtept lat="1.1856205550" lon="129.7785656259">
<time>2023-02-01T06:55:00Z</time>
<name>p0000000384</name>
<type>WPT</type>
<sym>square</sym>
</rtept>
<rtept lat="1.1971546037" lon="129.7789718652">
<time>2023-02-01T07:00:00Z</time>
<name>p0000000385</name>
<type>WPT</type>
<sym>square</sym>
</rtept>
<rtept lat="1.2087057055" lon="129.7793787086">
<time>2023-02-01T07:05:00Z</time>
<name>p0000000386</name>
<type>WPT</type>
<sym>square</sym>
</rtept>
<rtept lat="1.2202545081" lon="129.7797854745">
<time>2023-02-01T07:10:00Z</time>
<name>p0000000387</name>
<type>WPT</type>
<sym>square</sym>
</rtept>
<rtept lat="1.2317891684" lon="129.7801917460">
<time>2023-02-01T07:15:00Z</time>
<name>p0000000388</name>
<type>WPT</type>
<sym>square</sym>
</rtept>
<rtept lat="1.2433076989" lon="129.7805974530">
<time>2023-02-01T07:20:00Z</time>
<name>p0000000389</name>
<type>WPT</type>
<sym>square</sym>
</rtept>
<rtept lat="1.2548079712" lon="129.7810025206">
<time>2023-02-01T07:25:00Z</time>
<name>p0000000390</name>
<type>WPT</type>
<sym>square</sym>
</rtept>
<rtept lat="1.2663016744" lon="129.7814073607">
<time>2023-02-01T07:30:00Z</time>
<name>p0000000391</name>
<type>WPT</type>
<sym>square</sym>
</rtept>
<rtept lat="1.2778136756" lon="129.7818128493">
<time>2023-02-01T07:35:00Z</time>
<name>p0000000392</name>
<type>WPT</type>
<sym>square</sym>
</rtept>
<rtept lat="1.2893531310" lon="129.7822193091">
<time>2023-02-01T07:40:00Z</time>
<name>p0000000393</name>
<type>WPT</type>
<sym>square</sym>
</rtept>
<rtept lat="1.3023487159" lon="129.7783575028">
<time>2023-02-01T07:45:00Z</time>
<name>p0000000394</name>
<type>WPT</type>
<sym>square</sym>
</rtept>
<rtept lat="1.3153818944" lon="129.7744844834">
<time>2023-02-01T07:50:00Z</time>
<name>p0000000395</name>
<type>WPT</type>
<sym>square</sym>
</rtept>
<rtept lat="1.3284561460" lon="129.7705992161">
<time>2023-02-01T07:55:00Z</time>
<name>p0000000396</name>
<type>WPT</type>
<sym>square</sym>
</rtept>
<rtept lat="1.3415750708" lon="129.7667006302">
<time>2023-02-01T08:00:00Z</time>
<name>p0000000397</name>
<type>WPT</type>
<sym>square</sym>
</rtept>
<rtept lat="1.3547423603" lon="129.7627876279">
<time>2023-02-01T08:05:00Z</time>
<name>p0000000398</name>
<type>WPT</type>
<sym>square</sym>
</rtept>
<rtept lat="1.3679533623" lon="129.7588615907">
<time>2023-02-01T08:10:00Z</time>
<name>p0000000399</name>
<type>WPT</type>
<sym>square</sym>
</rtept>
<rtept lat="1.3812120580" lon="129.7549213347">
<time>2023-02-01T08:15:00Z</time>
<name>p0000000400</name>
<type>WPT</type>
<sym>square</sym>
</rtept>
<rtept lat="1.3945224965" lon="129.7509656555">
<time>2023-02-01T08:20:00Z</time>
<name>p0000000401</name>
<type>WPT</type>
<sym>square</sym>
</rtept>
<rtept lat="1.4078887951" lon="129.7469933285">
<time>2023-02-01T08:25:00Z</time>
<name>p0000000402</name>
<type>WPT</type>
<sym>square</sym>
</rtept>
<rtept lat="1.4213203912" lon="129.7430015479">
<time>2023-02-01T08:30:00Z</time>
<name>p0000000403</name>
<type>WPT</type>
<sym>square</sym>
</rtept>
<rtept lat="1.4348242763" lon="129.7389882348">
<time>2023-02-01T08:35:00Z</time>
<name>p0000000404</name>
<type>WPT</type>
<sym>square</sym>
</rtept>
<rtept lat="1.4484060231" lon="129.7349517317">
<time>2023-02-01T08:40:00Z</time>
<name>p0000000405</name>
<type>WPT</type>
<sym>square</sym>
</rtept>
<rtept lat="1.4620713309" lon="129.7308903433">
<time>2023-02-01T08:45:00Z</time>
<name>p0000000406</name>
<type>WPT</type>
<sym>square</sym>
</rtept>
<rtept lat="1.4758260210" lon="129.7268023381">
<time>2023-02-01T08:50:00Z</time>
<name>p0000000407</name>
<type>WPT</type>
<sym>square</sym>
</rtept>
<rtept lat="1.4896760274" lon="129.7226859509">
<time>2023-02-01T08:55:00Z</time>
<name>p0000000408</name>
<type>WPT</type>
<sym>square</sym>
</rtept>
<rtept lat="1.5036335377" lon="129.7185375578">
<time>2023-02-01T09:00:00Z</time>
<name>p0000000409</name>
<type>WPT</type>
<sym>square</sym>
</rtept>
<rtept lat="1.5177384780" lon="129.7143452900">
<time>2023-02-01T09:05:00Z</time>
<name>p0000000410</name>
<type>WPT</type>
<sym>square</sym>
</rtept>
<rtept lat="1.5320318359" lon="129.7100969628">
<time>2023-02-01T09:10:00Z</time>
<name>p0000000411</name>
<type>WPT</type>
<sym>square</sym>
</rtept>
<rtept lat="1.5462782763" lon="129.7058625217">
<time>2023-02-01T09:15:00Z</time>
<name>p0000000412</name>
<type>WPT</type>
<sym>square</sym>
</rtept>
<rtept lat="1.5604352449" lon="129.7016546153">
<time>2023-02-01T09:20:00Z</time>
<name>p0000000413</name>
<type>WPT</type>
<sym>square</sym>
</rtept>
<rtept lat="1.5745314687" lon="129.6974647054">
<time>2023-02-01T09:25:00Z</time>
<name>p0000000414</name>
<type>WPT</type>
<sym>square</sym>
</rtept>
<rtept lat="1.5886396018" lon="129.6932711964">
<time>2023-02-01T09:30:00Z</time>
<name>p0000000415</name>
<type>WPT</type>
<sym>square</sym>
</rtept>
<rtept lat="1.6027734829" lon="129.6890699742">
<time>2023-02-01T09:35:00Z</time>
<name>p0000000416</name>
<type>WPT</type>
<sym>square</sym>
</rtept>
<rtept lat="1.6169446611" lon="129.6848576048">
<time>2023-02-01T09:40:00Z</time>
<name>p0000000417</name>
<type>WPT</type>
<sym>square</sym>
</rtept>
<rtept lat="1.6311659465" lon="129.6806302795">
<time>2023-02-01T09:45:00Z</time>
<name>p0000000418</name>
<type>WPT</type>
<sym>square</sym>
</rtept>
<rtept lat="1.6455009150" lon="129.6763690985">
<time>2023-02-01T09:50:00Z</time>
<name>p0000000419</name>
<type>WPT</type>
<sym>square</sym>
</rtept>
<rtept lat="1.6599585084" lon="129.6720714018">
<time>2023-02-01T09:55:00Z</time>
<name>p0000000420</name>
<type>WPT</type>
<sym>square</sym>
</rtept>
<rtept lat="1.6745364137" lon="129.6677378746">
<time>2023-02-01T10:00:00Z</time>
<name>p0000000421</name>
<type>WPT</type>
<sym>square</sym>
</rtept>
<rtept lat="1.6892428520" lon="129.6633660707">
<time>2023-02-01T10:05:00Z</time>
<name>p0000000422</name>
<type>WPT</type>
<sym>square</sym>
</rtept>
<rtept lat="1.7040728680" lon="129.6589574609">
<time>2023-02-01T10:10:00Z</time>
<name>p0000000423</name>
<type>WPT</type>
<sym>square</sym>
</rtept>
<rtept lat="1.7190208709" lon="129.6545137049">
<time>2023-02-01T10:15:00Z</time>
<name>p0000000424</name>
<type>WPT</type>
<sym>square</sym>
</rtept>
<rtept lat="1.7340999877" lon="129.6500308978">
<time>2023-02-01T10:20:00Z</time>
<name>p0000000425</name>
<type>WPT</type>
<sym>square</sym>
</rtept>
<rtept lat="1.7493117347" lon="129.6455085862">
<time>2023-02-01T10:25:00Z</time>
<name>p0000000426</name>
<type>WPT</type>
<sym>square</sym>
</rtept>
<rtept lat="1.7646423826" lon="129.6409508491">
<time>2023-02-01T10:30:00Z</time>
<name>p0000000427</name>
<type>WPT</type>
<sym>square</sym>
</rtept>
<rtept lat="1.7799033801" lon="129.6364137409">
<time>2023-02-01T10:35:00Z</time>
<name>p0000000428</name>
<type>WPT</type>
<sym>square</sym>
</rtept>
<rtept lat="1.7950806659" lon="129.6319014424">
<time>2023-02-01T10:40:00Z</time>
<name>p0000000429</name>
<type>WPT</type>
<sym>square</sym>
</rtept>
<rtept lat="1.8101682322" lon="129.6274157403">
<time>2023-02-01T10:45:00Z</time>
<name>p0000000430</name>
<type>WPT</type>
<sym>square</sym>
</rtept>
<rtept lat="1.8251696833" lon="129.6229555639">
<time>2023-02-01T10:50:00Z</time>
<name>p0000000431</name>
<type>WPT</type>
<sym>square</sym>
</rtept>
<rtept lat="1.8400930920" lon="129.6185185135">
<time>2023-02-01T10:55:00Z</time>
<name>p0000000432</name>
<type>WPT</type>
<sym>square</sym>
</rtept>
<rtept lat="1.8549348857" lon="129.6141056520">
<time>2023-02-01T11:00:00Z</time>
<name>p0000000433</name>
<type>WPT</type>
<sym>square</sym>
</rtept>
<rtept lat="1.8696918030" lon="129.6097179498">
<time>2023-02-01T11:05:00Z</time>
<name>p0000000434</name>
<type>WPT</type>
<sym>square</sym>
</rtept>
<rtept lat="1.8843608938" lon="129.6053562848">
<time>2023-02-01T11:10:00Z</time>
<name>p0000000435</name>
<type>WPT</type>
<sym>square</sym>
</rtept>
<rtept lat="1.8989395143" lon="129.6010214438">
<time>2023-02-01T11:15:00Z</time>
<name>p0000000436</name>
<type>WPT</type>
<sym>square</sym>
</rtept>
<rtept lat="1.9134313304" lon="129.5967123376">
<time>2023-02-01T11:20:00Z</time>
<name>p0000000437</name>
<type>WPT</type>
<sym>square</sym>
</rtept>
<rtept lat="1.9278358528" lon="129.5924291124">
<time>2023-02-01T11:25:00Z</time>
<name>p0000000438</name>
<type>WPT</type>
<sym>square</sym>
</rtept>
<rtept lat="1.9421519477" lon="129.5881721064">
<time>2023-02-01T11:30:00Z</time>
<name>p0000000439</name>
<type>WPT</type>
<sym>square</sym>
</rtept>
<rtept lat="1.9563787623" lon="129.5839415737">
<time>2023-02-01T11:35:00Z</time>
<name>p0000000440</name>
<type>WPT</type>
<sym>square</sym>
</rtept>
<rtept lat="1.9705156887" lon="129.5797376962">
<time>2023-02-01T11:40:00Z</time>
<name>p0000000441</name>
<type>WPT</type>
<sym>square</sym>
</rtept>
<rtept lat="1.9846424148" lon="129.5755367774">
<time>2023-02-01T11:45:00Z</time>
<name>p0000000442</name>
<type>WPT</type>
<sym>square</sym>
</rtept>
<rtept lat="1.9989153111" lon="129.5712923156">
<time>2023-02-01T11:50:00Z</time>
<name>p0000000443</name>
<type>WPT</type>
<sym>square</sym>
</rtept>
<rtept lat="2.0133457916" lon="129.5670009133">
<time>2023-02-01T11:55:00Z</time>
<name>p0000000444</name>
<type>WPT</type>
<sym>square</sym>
</rtept>
<rtept lat="2.0278466861" lon="129.5626884911">
<time>2023-02-01T12:00:00Z</time>
<name>p0000000445</name>
<type>WPT</type>
<sym>square</sym>
</rtept>
<rtept lat="2.0424133239" lon="129.5583564364">
<time>2023-02-01T12:05:00Z</time>
<name>p0000000446</name>
<type>WPT</type>
<sym>square</sym>
</rtept>
<rtept lat="2.0570468245" lon="129.5540044144">
<time>2023-02-01T12:10:00Z</time>
<name>p0000000447</name>
<type>WPT</type>
<sym>square</sym>
</rtept>
<rtept lat="2.0717478542" lon="129.5496322253">
<time>2023-02-01T12:15:00Z</time>
<name>p0000000448</name>
<type>WPT</type>
<sym>square</sym>
</rtept>
<rtept lat="2.0865166220" lon="129.5452398051">
<time>2023-02-01T12:20:00Z</time>
<name>p0000000449</name>
<type>WPT</type>
<sym>square</sym>
</rtept>
<rtept lat="2.1013528770" lon="129.5408272267">
<time>2023-02-01T12:25:00Z</time>
<name>p0000000450</name>
<type>WPT</type>
<sym>square</sym>
</rtept>
<rtept lat="2.1162559065" lon="129.5363947002">
<time>2023-02-01T12:30:00Z</time>
<name>p0000000451</name>
<type>WPT</type>
<sym>square</sym>
</rtept>
<rtept lat="2.1312245349" lon="129.5319425735">
<time>2023-02-01T12:35:00Z</time>
<name>p0000000452</name>
<type>WPT</type>
<sym>square</sym>
</rtept>
<rtept lat="2.1462571244" lon="129.5274713319">
<time>2023-02-01T12:40:00Z</time>
<name>p0000000453</name>
<type>WPT</type>
<sym>square</sym>
</rtept>
<rtept lat="2.1613515760" lon="129.5229815979">
<time>2023-02-01T12:45:00Z</time>
<name>p0000000454</name>
<type>WPT</type>
<sym>square</sym>
</rtept>
<rtept lat="2.1765053335" lon="129.5184741301">
<time>2023-02-01T12:50:00Z</time>
<name>p0000000455</name>
<type>WPT</type>
<sym>square</sym>
</rtept>
<rtept lat="2.1917153877" lon="129.5139498217">
<time>2023-02-01T12:55:00Z</time>
<name>p0000000456</name>
<type>WPT</type>
<sym>square</sym>
</rtept>
<rtept lat="2.2069782839" lon="129.5094096987">
<time>2023-02-01T13:00:00Z</time>
<name>p0000000457</name>
<type>WPT</type>
<sym>square</sym>
</rtept>
<rtept lat="2.2222901307" lon="129.5048549171">
<time>2023-02-01T13:05:00Z</time>
<name>p0000000458</name>
<type>WPT</type>
<sym>square</sym>
</rtept>
<rtept lat="2.2376466109" lon="129.5002867593">
<time>2023-02-01T13:10:00Z</time>
<name>p0000000459</name>
<type>WPT</type>
<sym>square</sym>
</rtept>
<rtept lat="2.2530429950" lon="129.4957066308">
<time>2023-02-01T13:15:00Z</time>
<name>p0000000460</name>
<type>WPT</type>
<sym>square</sym>
</rtept>
<rtept lat="2.2684842288" lon="129.4911130589">
<time>2023-02-01T13:20:00Z</time>
<name>p0000000461</name>
<type>WPT</type>
<sym>square</sym>
</rtept>
<rtept lat="2.2839882316" lon="129.4865007109">
<time>2023-02-01T13:25:00Z</time>
<name>p0000000462</name>
<type>WPT</type>
<sym>square</sym>
</rtept>
<rtept lat="2.2995243985" lon="129.4818786900">
<time>2023-02-01T13:30:00Z</time>
<name>p0000000463</name>
<type>WPT</type>
<sym>square</sym>
</rtept>
<rtept lat="2.3150754777" lon="129.4772521273">
<time>2023-02-01T13:35:00Z</time>
<name>p0000000464</name>
<type>WPT</type>
<sym>square</sym>
</rtept>
<rtept lat="2.3306412051" lon="129.4726211004">
<time>2023-02-01T13:40:00Z</time>
<name>p0000000465</name>
<type>WPT</type>
<sym>square</sym>
</rtept>
<rtept lat="2.3462214649" lon="129.4679856427">
<time>2023-02-01T13:45:00Z</time>
<name>p0000000466</name>
<type>WPT</type>
<sym>square</sym>
</rtept>
<rtept lat="2.3618162908" lon="129.4633457432">
<time>2023-02-01T13:50:00Z</time>
<name>p0000000467</name>
<type>WPT</type>
<sym>square</sym>
</rtept>
<rtept lat="2.3774258673" lon="129.4587013459">
<time>2023-02-01T13:55:00Z</time>
<name>p0000000468</name>
<type>WPT</type>
<sym>square</sym>
</rtept>
<rtept lat="2.3930505298" lon="129.4540523500">
<time>2023-02-01T14:00:00Z</time>
<name>p0000000469</name>
<type>WPT</type>
<sym>square</sym>
</rtept>
<rtept lat="2.4086907663" lon="129.4493986093">
<time>2023-02-01T14:05:00Z</time>
<name>p0000000470</name>
<type>WPT</type>
<sym>square</sym>
</rtept>
<rtept lat="2.4243472176" lon="129.4447399320">
<time>2023-02-01T14:10:00Z</time>
<name>p0000000471</name>
<type>WPT</type>
<sym>square</sym>
</rtept>
<rtept lat="2.4400206787" lon="129.4400760804">
<time>2023-02-01T14:15:00Z</time>
<name>p0000000472</name>
<type>WPT</type>
<sym>square</sym>
</rtept>
<rtept lat="2.4557120991" lon="129.4354067710">
<time>2023-02-01T14:20:00Z</time>
<name>p0000000473</name>
<type>WPT</type>
<sym>square</sym>
</rtept>
<rtept lat="2.4714225847" lon="129.4307316734">
<time>2023-02-01T14:25:00Z</time>
<name>p0000000474</name>
<type>WPT</type>
<sym>square</sym>
</rtept>
<rtept lat="2.4871533978" lon="129.4260504108">
<time>2023-02-01T14:30:00Z</time>
<name>p0000000475</name>
<type>WPT</type>
<sym>square</sym>
</rtept>
<rtept lat="2.5029059590" lon="129.4213625594">
<time>2023-02-01T14:35:00Z</time>
<name>p0000000476</name>
<type>WPT</type>
<sym>square</sym>
</rtept>
<rtept lat="2.5186831189" lon="129.4166672695">
<time>2023-02-01T14:40:00Z</time>
<name>p0000000477</name>
<type>WPT</type>
<sym>square</sym>
</rtept>
<rtept lat="2.5344933115" lon="129.4119620298">
<time>2023-02-01T14:45:00Z</time>
<name>p0000000478</name>
<type>WPT</type>
<sym>square</sym>
</rtept>
<rtept lat="2.5503400694" lon="129.4072457873">
<time>2023-02-01T14:50:00Z</time>
<name>p0000000479</name>
<type>WPT</type>
<sym>square</sym>
</rtept>
<rtept lat="2.5662268359" lon="129.4025175158">
<time>2023-02-01T14:55:00Z</time>
<name>p0000000480</name>
<type>WPT</type>
<sym>square</sym>
</rtept>
<rtept lat="2.5821569643" lon="129.3977762153">
<time>2023-02-01T15:00:00Z</time>
<name>p0000000481</name>
<type>WPT</type>
<sym>square</sym>
</rtept>
<rtept lat="2.5980739770" lon="129.3930386942">
<time>2023-02-01T15:05:00Z</time>
<name>p0000000482</name>
<type>WPT</type>
<sym>square</sym>
</rtept>
<rtept lat="2.6139757223" lon="129.3883055925">
<time>2023-02-01T15:10:00Z</time>
<name>p0000000483</name>
<type>WPT</type>
<sym>square</sym>
</rtept>
<rtept lat="2.6298601096" lon="129.3835775319">
<time>2023-02-01T15:15:00Z</time>
<name>p0000000484</name>
<type>WPT</type>
<sym>square</sym>
</rtept>
<rtept lat="2.6457251086" lon="129.3788551166">
<time>2023-02-01T15:20:00Z</time>
<name>p0000000485</name>
<type>WPT</type>
<sym>square</sym>
</rtept>
<rtept lat="2.6615687490" lon="129.3741389327">
<time>2023-02-01T15:25:00Z</time>
<name>p0000000486</name>
<type>WPT</type>
<sym>square</sym>
</rtept>
<rtept lat="2.6773891200" lon="129.3694295487">
<time>2023-02-01T15:30:00Z</time>
<name>p0000000487</name>
<type>WPT</type>
<sym>square</sym>
</rtept>
<rtept lat="2.6931843701" lon="129.3647275156">
<time>2023-02-01T15:35:00Z</time>
<name>p0000000488</name>
<type>WPT</type>
<sym>square</sym>
</rtept>
<rtept lat="2.7089527067" lon="129.3600333669">
<time>2023-02-01T15:40:00Z</time>
<name>p0000000489</name>
<type>WPT</type>
<sym>square</sym>
</rtept>
<rtept lat="2.7246923953" lon="129.3553476189">
<time>2023-02-01T15:45:00Z</time>
<name>p0000000490</name>
<type>WPT</type>
<sym>square</sym>
</rtept>
<rtept lat="2.7404017600" lon="129.3506707704">
<time>2023-02-01T15:50:00Z</time>
<name>p0000000491</name>
<type>WPT</type>
<sym>square</sym>
</rtept>
<rtept lat="2.7560791825" lon="129.3460033033">
<time>2023-02-01T15:55:00Z</time>
<name>p0000000492</name>
<type>WPT</type>
<sym>square</sym>
</rtept>
<rtept lat="2.7717199296" lon="129.3413466268">
<time>2023-02-01T16:00:00Z</time>
<name>p0000000493</name>
<type>WPT</type>
<sym>square</sym>
</rtept>
<rtept lat="2.7873185262" lon="129.3367023712">
<time>2023-02-01T16:05:00Z</time>
<name>p0000000494</name>
<type>WPT</type>
<sym>square</sym>
</rtept>
<rtept lat="2.8028749332" lon="129.3320705484">
<time>2023-02-01T16:10:00Z</time>
<name>p0000000495</name>
<type>WPT</type>
<sym>square</sym>
</rtept>
<rtept lat="2.8183891168" lon="129.3274511689">
<time>2023-02-01T16:15:00Z</time>
<name>p0000000496</name>
<type>WPT</type>
<sym>square</sym>
</rtept>
<rtept lat="2.8338611959" lon="129.3228441975">
<time>2023-02-01T16:20:00Z</time>
<name>p0000000497</name>
<type>WPT</type>
<sym>square</sym>
</rtept>
<rtept lat="2.8492911114" lon="129.3182496522">
<time>2023-02-01T16:25:00Z</time>
<name>p0000000498</name>
<type>WPT</type>
<sym>square</sym>
</rtept>
<rtept lat="2.8646787653" lon="129.3136675625">
<time>2023-02-01T16:30:00Z</time>
<name>p0000000499</name>
<type>WPT</type>
<sym>square</sym>
</rtept>
<rtept lat="2.8800240216" lon="129.3090979692">
<time>2023-02-01T16:35:00Z</time>
<name>p0000000500</name>
<type>WPT</type>
<sym>square</sym>
</rtept>
<rtept lat="2.8953267083" lon="129.3045409240">
<time>2023-02-01T16:40:00Z</time>
<name>p0000000501</name>
<type>WPT</type>
<sym>square</sym>
</rtept>
<rtept lat="2.9105866182" lon="129.2999964889">
<time>2023-02-01T16:45:00Z</time>
<name>p0000000502</name>
<type>WPT</type>
<sym>square</sym>
</rtept>
<rtept lat="2.9258035110" lon="129.2954647359">
<time>2023-02-01T16:50:00Z</time>
<name>p0000000503</name>
<type>WPT</type>
<sym>square</sym>
</rtept>
<rtept lat="2.9409771145" lon="129.2909457464">
<time>2023-02-01T16:55:00Z</time>
<name>p0000000504</name>
<type>WPT</type>
<sym>square</sym>
</rtept>
<rtept lat="2.9561071263" lon="129.2864396110">
<time>2023-02-01T17:00:00Z</time>
<name>p0000000505</name>
<type>WPT</type>
<sym>square</sym>
</rtept>
<rtept lat="2.9711932156" lon="129.2819464285">
<time>2023-02-01T17:05:00Z</time>
<name>p0000000506</name>
<type>WPT</type>
<sym>square</sym>
</rtept>
<rtept lat="2.9862350251" lon="129.2774663060">
<time>2023-02-01T17:10:00Z</time>
<name>p0000000507</name>
<type>WPT</type>
<sym>square</sym>
</rtept>
<rtept lat="3.0012321723" lon="129.2729993576">
<time>2023-02-01T17:15:00Z</time>
<name>p0000000508</name>
<type>WPT</type>
<sym>square</sym>
</rtept>
<rtept lat="3.0161687066" lon="129.2685503351">
<time>2023-02-01T17:20:00Z</time>
<name>p0000000509</name>
<type>WPT</type>
<sym>square</sym>
</rtept>
<rtept lat="3.0310254602" lon="129.2641249490">
<time>2023-02-01T17:25:00Z</time>
<name>p0000000510</name>
<type>WPT</type>
<sym>square</sym>
</rtept>
<rtept lat="3.0458077125" lon="129.2597216279">
<time>2023-02-01T17:30:00Z</time>
<name>p0000000511</name>
<type>WPT</type>
<sym>square</sym>
</rtept>
<rtept lat="3.0605210823" lon="129.2553386994">
<time>2023-02-01T17:35:00Z</time>
<name>p0000000512</name>
<type>WPT</type>
<sym>square</sym>
</rtept>
<rtept lat="3.0751710796" lon="129.2509745232">
<time>2023-02-01T17:40:00Z</time>
<name>p0000000513</name>
<type>WPT</type>
<sym>square</sym>
</rtept>
<rtept lat="3.0897631022" lon="129.2466274923">
<time>2023-02-01T17:45:00Z</time>
<name>p0000000514</name>
<type>WPT</type>
<sym>square</sym>
</rtept>
<rtept lat="3.1043015941" lon="129.2422962835">
<time>2023-02-01T17:50:00Z</time>
<name>p0000000515</name>
<type>WPT</type>
<sym>square</sym>
</rtept>
<rtept lat="3.1187923836" lon="129.2379791614">
<time>2023-02-01T17:55:00Z</time>
<name>p0000000516</name>
<type>WPT</type>
<sym>square</sym>
</rtept>
<rtept lat="3.1332413153" lon="129.2336743853">
<time>2023-02-01T18:00:00Z</time>
<name>p0000000517</name>
<type>WPT</type>
<sym>square</sym>
</rtept>
<rtept lat="3.1476881820" lon="129.2293700997">
<time>2023-02-01T18:05:00Z</time>
<name>p0000000518</name>
<type>WPT</type>
<sym>square</sym>
</rtept>
<rtept lat="3.1621330648" lon="129.2250662798">
<time>2023-02-01T18:10:00Z</time>
<name>p0000000519</name>
<type>WPT</type>
<sym>square</sym>
</rtept>
<rtept lat="3.1765761622" lon="129.2207628661">
<time>2023-02-01T18:15:00Z</time>
<name>p0000000520</name>
<type>WPT</type>
<sym>square</sym>
</rtept>
<rtept lat="3.1910177879" lon="129.2164597645">
<time>2023-02-01T18:20:00Z</time>
<name>p0000000521</name>
<type>WPT</type>
<sym>square</sym>
</rtept>
<rtept lat="3.2054583687" lon="129.2121568471">
<time>2023-02-01T18:25:00Z</time>
<name>p0000000522</name>
<type>WPT</type>
<sym>square</sym>
</rtept>
<rtept lat="3.2198984431" lon="129.2078539532">
<time>2023-02-01T18:30:00Z</time>
<name>p0000000523</name>
<type>WPT</type>
<sym>square</sym>
</rtept>
<rtept lat="3.2343386596" lon="129.2035508886">
<time>2023-02-01T18:35:00Z</time>
<name>p0000000524</name>
<type>WPT</type>
<sym>square</sym>
</rtept>
<rtept lat="3.2487797766" lon="129.1992474269">
<time>2023-02-01T18:40:00Z</time>
<name>p0000000525</name>
<type>WPT</type>
<sym>square</sym>
</rtept>
<rtept lat="3.2632226620" lon="129.1949433088">
<time>2023-02-01T18:45:00Z</time>
<name>p0000000526</name>
<type>WPT</type>
<sym>square</sym>
</rtept>
<rtept lat="3.2776855772" lon="129.1906330913">
<time>2023-02-01T18:50:00Z</time>
<name>p0000000527</name>
<type>WPT</type>
<sym>square</sym>
</rtept>
<rtept lat="3.2921674513" lon="129.1863170924">
<time>2023-02-01T18:55:00Z</time>
<name>p0000000528</name>
<type>WPT</type>
<sym>square</sym>
</rtept>
<rtept lat="3.3066653924" lon="129.1819961729">
<time>2023-02-01T19:00:00Z</time>
<name>p0000000529</name>
<type>WPT</type>
<sym>square</sym>
</rtept>
<rtept lat="3.3211764545" lon="129.1776712097">
<time>2023-02-01T19:05:00Z</time>
<name>p0000000530</name>
<type>WPT</type>
<sym>square</sym>
</rtept>
<rtept lat="3.3356976513" lon="129.1733430921">
<time>2023-02-01T19:10:00Z</time>
<name>p0000000531</name>
<type>WPT</type>
<sym>square</sym>
</rtept>
<rtept lat="3.3502259713" lon="129.1690127166">
<time>2023-02-01T19:15:00Z</time>
<name>p0000000532</name>
<type>WPT</type>
<sym>square</sym>
</rtept>
<rtept lat="3.3647583948" lon="129.1646809825">
<time>2023-02-01T19:20:00Z</time>
<name>p0000000533</name>
<type>WPT</type>
<sym>square</sym>
</rtept>
<rtept lat="3.3792919123" lon="129.1603487861">
<time>2023-02-01T19:25:00Z</time>
<name>p0000000534</name>
<type>WPT</type>
<sym>square</sym>
</rtept>
<rtept lat="3.3938235443" lon="129.1560170151">
<time>2023-02-01T19:30:00Z</time>
<name>p0000000535</name>
<type>WPT</type>
<sym>square</sym>
</rtept>
<rtept lat="3.4083503634" lon="129.1516865413">
<time>2023-02-01T19:35:00Z</time>
<name>p0000000536</name>
<type>WPT</type>
<sym>square</sym>
</rtept>
<rtept lat="3.4228695173" lon="129.1473582147">
<time>2023-02-01T19:40:00Z</time>
<name>p0000000537</name>
<type>WPT</type>
<sym>square</sym>
</rtept>
<rtept lat="3.4373782540" lon="129.1430328551">
<time>2023-02-01T19:45:00Z</time>
<name>p0000000538</name>
<type>WPT</type>
<sym>square</sym>
</rtept>
<rtept lat="3.4518739484" lon="129.1387112448">
<time>2023-02-01T19:50:00Z</time>
<name>p0000000539</name>
<type>WPT</type>
<sym>square</sym>
</rtept>
<rtept lat="3.4663541311" lon="129.1343941199">
<time>2023-02-01T19:55:00Z</time>
<name>p0000000540</name>
<type>WPT</type>
<sym>square</sym>
</rtept>
<rtept lat="3.4808165179" lon="129.1300821610">
<time>2023-02-01T20:00:00Z</time>
<name>p0000000541</name>
<type>WPT</type>
<sym>square</sym>
</rtept>
<rtept lat="3.4952590424" lon="129.1257759840">
<time>2023-02-01T20:05:00Z</time>
<name>p0000000542</name>
<type>WPT</type>
<sym>square</sym>
</rtept>
<rtept lat="3.5096758361" lon="129.1214773388">
<time>2023-02-01T20:10:00Z</time>
<name>p0000000543</name>
<type>WPT</type>
<sym>square</sym>
</rtept>
<rtept lat="3.5240640778" lon="129.1171870666">
<time>2023-02-01T20:15:00Z</time>
<name>p0000000544</name>
<type>WPT</type>
<sym>square</sym>
</rtept>
<rtept lat="3.5384224671" lon="129.1129055552">
<time>2023-02-01T20:20:00Z</time>
<name>p0000000545</name>
<type>WPT</type>
<sym>square</sym>
</rtept>
<rtept lat="3.5527487735" lon="129.1086334699">
<time>2023-02-01T20:25:00Z</time>
<name>p0000000546</name>
<type>WPT</type>
<sym>square</sym>
</rtept>
<rtept lat="3.5670408115" lon="129.1043714626">
<time>2023-02-01T20:30:00Z</time>
<name>p0000000547</name>
<type>WPT</type>
<sym>square</sym>
</rtept>
<rtept lat="3.5812964424" lon="129.1001201713">
<time>2023-02-01T20:35:00Z</time>
<name>p0000000548</name>
<type>WPT</type>
<sym>square</sym>
</rtept>
<rtept lat="3.5955135764" lon="129.0958802194">
<time>2023-02-01T20:40:00Z</time>
<name>p0000000549</name>
<type>WPT</type>
<sym>square</sym>
</rtept>
<rtept lat="3.6096901853" lon="129.0916522122">
<time>2023-02-01T20:45:00Z</time>
<name>p0000000550</name>
<type>WPT</type>
<sym>square</sym>
</rtept>
<rtept lat="3.6238244478" lon="129.0874366931">
<time>2023-02-01T20:50:00Z</time>
<name>p0000000551</name>
<type>WPT</type>
<sym>square</sym>
</rtept>
<rtept lat="3.6379146030" lon="129.0832341875">
<time>2023-02-01T20:55:00Z</time>
<name>p0000000552</name>
<type>WPT</type>
<sym>square</sym>
</rtept>
<rtept lat="3.6519589659" lon="129.0790451980">
<time>2023-02-01T21:00:00Z</time>
<name>p0000000553</name>
<type>WPT</type>
<sym>square</sym>
</rtept>
<rtept lat="3.6659895444" lon="129.0748601774">
<time>2023-02-01T21:05:00Z</time>
<name>p0000000554</name>
<type>WPT</type>
<sym>square</sym>
</rtept>
<rtept lat="3.6800075833" lon="129.0706787530">
<time>2023-02-01T21:10:00Z</time>
<name>p0000000555</name>
<type>WPT</type>
<sym>square</sym>
</rtept>
<rtept lat="3.6940150172" lon="129.0665003455">
<time>2023-02-01T21:15:00Z</time>
<name>p0000000556</name>
<type>WPT</type>
<sym>square</sym>
</rtept>
<rtept lat="3.7080135031" lon="129.0623244574">
<time>2023-02-01T21:20:00Z</time>
<name>p0000000557</name>
<type>WPT</type>
<sym>square</sym>
</rtept>
<rtept lat="3.7220040944" lon="129.0581507675">
<time>2023-02-01T21:25:00Z</time>
<name>p0000000558</name>
<type>WPT</type>
<sym>square</sym>
</rtept>
<rtept lat="3.7360359285" lon="129.0526936416">
<time>2023-02-01T21:30:00Z</time>
<name>p0000000559</name>
<type>WPT</type>
<sym>square</sym>
</rtept>
<rtept lat="3.7500603810" lon="129.0472391983">
<time>2023-02-01T21:35:00Z</time>
<name>p0000000560</name>
<type>WPT</type>
<sym>square</sym>
</rtept>
<rtept lat="3.7640788243" lon="129.0417869036">
<time>2023-02-01T21:40:00Z</time>
<name>p0000000561</name>
<type>WPT</type>
<sym>square</sym>
</rtept>
<rtept lat="3.7781385122" lon="129.0363183774">
<time>2023-02-01T21:45:00Z</time>
<name>p0000000562</name>
<type>WPT</type>
<sym>square</sym>
</rtept>
<rtept lat="3.7922375389" lon="129.0308343584">
<time>2023-02-01T21:50:00Z</time>
<name>p0000000563</name>
<type>WPT</type>
<sym>square</sym>
</rtept>
<rtept lat="3.8063713418" lon="129.0253366193">
<time>2023-02-01T21:55:00Z</time>
<name>p0000000564</name>
<type>WPT</type>
<sym>square</sym>
</rtept>
<rtept lat="3.8205326071" lon="129.0198280028">
<time>2023-02-01T22:00:00Z</time>
<name>p0000000565</name>
<type>WPT</type>
<sym>square</sym>
</rtept>
<rtept lat="3.8347152559" lon="129.0143108717">
<time>2023-02-01T22:05:00Z</time>
<name>p0000000566</name>
<type>WPT</type>
<sym>square</sym>
</rtept>
<rtept lat="3.8489136190" lon="129.0087874300">
<time>2023-02-01T22:10:00Z</time>
<name>p0000000567</name>
<type>WPT</type>
<sym>square</sym>
</rtept>
<rtept lat="3.8631224209" lon="129.0032597284">
<time>2023-02-01T22:15:00Z</time>
<name>p0000000568</name>
<type>WPT</type>
<sym>square</sym>
</rtept>
<rtept lat="3.8773367638" lon="128.9977296714">
<time>2023-02-01T22:20:00Z</time>
<name>p0000000569</name>
<type>WPT</type>
<sym>square</sym>
</rtept>
<rtept lat="3.8915531850" lon="128.9921986052">
<time>2023-02-01T22:25:00Z</time>
<name>p0000000570</name>
<type>WPT</type>
<sym>square</sym>
</rtept>
<rtept lat="3.9057692504" lon="128.9866674758">
<time>2023-02-01T22:30:00Z</time>
<name>p0000000571</name>
<type>WPT</type>
<sym>square</sym>
</rtept>
<rtept lat="3.9199815698" lon="128.9811376018">
<time>2023-02-01T22:35:00Z</time>
<name>p0000000572</name>
<type>WPT</type>
<sym>square</sym>
</rtept>
<rtept lat="3.9341872472" lon="128.9756101094">
<time>2023-02-01T22:40:00Z</time>
<name>p0000000573</name>
<type>WPT</type>
<sym>square</sym>
</rtept>
<rtept lat="3.9483838350" lon="128.9700859505">
<time>2023-02-01T22:45:00Z</time>
<name>p0000000574</name>
<type>WPT</type>
<sym>square</sym>
</rtept>
<rtept lat="3.9625702342" lon="128.9645655523">
<time>2023-02-01T22:50:00Z</time>
<name>p0000000575</name>
<type>WPT</type>
<sym>square</sym>
</rtept>
<rtept lat="3.9767470539" lon="128.9590486776">
<time>2023-02-01T22:55:00Z</time>
<name>p0000000576</name>
<type>WPT</type>
<sym>square</sym>
</rtept>
<rtept lat="3.9909131282" lon="128.9535357798">
<time>2023-02-01T23:00:00Z</time>
<name>p0000000577</name>
<type>WPT</type>
<sym>square</sym>
</rtept>
<rtept lat="4.0050675061" lon="128.9480272286">
<time>2023-02-01T23:05:00Z</time>
<name>p0000000578</name>
<type>WPT</type>
<sym>square</sym>
</rtept>
<rtept lat="4.0192048033" lon="128.9425251193">
<time>2023-02-01T23:10:00Z</time>
<name>p0000000579</name>
<type>WPT</type>
<sym>square</sym>
</rtept>
<rtept lat="4.0333152030" lon="128.9370332727">
<time>2023-02-01T23:15:00Z</time>
<name>p0000000580</name>
<type>WPT</type>
<sym>square</sym>
</rtept>
<rtept lat="4.0473965886" lon="128.9315525130">
<time>2023-02-01T23:20:00Z</time>
<name>p0000000581</name>
<type>WPT</type>
<sym>square</sym>
</rtept>
<rtept lat="4.0614466108" lon="128.9260837554">
<time>2023-02-01T23:25:00Z</time>
<name>p0000000582</name>
<type>WPT</type>
<sym>square</sym>
</rtept>
<rtept lat="4.0754626896" lon="128.9206280045">
<time>2023-02-01T23:30:00Z</time>
<name>p0000000583</name>
<type>WPT</type>
<sym>square</sym>
</rtept>
<rtept lat="4.0894420166" lon="128.9151863544">
<time>2023-02-01T23:35:00Z</time>
<name>p0000000584</name>
<type>WPT</type>
<sym>square</sym>
</rtept>
<rtept lat="4.1033815584" lon="128.9097599869">
<time>2023-02-01T23:40:00Z</time>
<name>p0000000585</name>
<type>WPT</type>
<sym>square</sym>
</rtept>
<rtept lat="4.1172780593" lon="128.9043501704">
<time>2023-02-01T23:45:00Z</time>
<name>p0000000586</name>
<type>WPT</type>
<sym>square</sym>
</rtept>
<rtept lat="4.1311280461" lon="128.8989582581">
<time>2023-02-01T23:50:00Z</time>
<name>p0000000587</name>
<type>WPT</type>
<sym>square</sym>
</rtept>
<rtept lat="4.1449278324" lon="128.8935856867">
<time>2023-02-01T23:55:00Z</time>
<name>p0000000588</name>
<type>WPT</type>
<sym>square</sym>
</rtept>
<rtept lat="4.1586735243" lon="128.8882339738">
<time>2023-02-02T00:00:00Z</time>
<name>p0000000589</name>
<type>WPT</type>
<sym>square</sym>
</rtept>
<rtept lat="4.1723857553" lon="128.8828950871">
<time>2023-02-02T00:05:00Z</time>
<name>p0000000590</name>
<type>WPT</type>
<sym>square</sym>
</rtept>
<rtept lat="4.1860863620" lon="128.8775605250">
<time>2023-02-02T00:10:00Z</time>
<name>p0000000591</name>
<type>WPT</type>
<sym>square</sym>
</rtept>
<rtept lat="4.1997945043" lon="128.8722228267">
<time>2023-02-02T00:15:00Z</time>
<name>p0000000592</name>
<type>WPT</type>
<sym>square</sym>
</rtept>
<rtept lat="4.2135099530" lon="128.8668820804">
<time>2023-02-02T00:20:00Z</time>
<name>p0000000593</name>
<type>WPT</type>
<sym>square</sym>
</rtept>
<rtept lat="4.2272323569" lon="128.8615384219">
<time>2023-02-02T00:25:00Z</time>
<name>p0000000594</name>
<type>WPT</type>
<sym>square</sym>
</rtept>
<rtept lat="4.2409612585" lon="128.8561920282">
<time>2023-02-02T00:30:00Z</time>
<name>p0000000595</name>
<type>WPT</type>
<sym>square</sym>
</rtept>
<rtept lat="4.2546961085" lon="128.8508431123">
<time>2023-02-02T00:35:00Z</time>
<name>p0000000596</name>
<type>WPT</type>
<sym>square</sym>
</rtept>
<rtept lat="4.2684311372" lon="128.8454939203">
<time>2023-02-02T00:40:00Z</time>
<name>p0000000597</name>
<type>WPT</type>
<sym>square</sym>
</rtept>
<rtept lat="4.2821571384" lon="128.8401480370">
<time>2023-02-02T00:45:00Z</time>
<name>p0000000598</name>
<type>WPT</type>
<sym>square</sym>
</rtept>
<rtept lat="4.2958750554" lon="128.8348050946">
<time>2023-02-02T00:50:00Z</time>
<name>p0000000599</name>
<type>WPT</type>
<sym>square</sym>
</rtept>
<rtept lat="4.3095855238" lon="128.8294648454">
<time>2023-02-02T00:55:00Z</time>
<name>p0000000600</name>
<type>WPT</type>
<sym>square</sym>
</rtept>
<rtept lat="4.3232896164" lon="128.8241268709">
<time>2023-02-02T01:00:00Z</time>
<name>p0000000601</name>
<type>WPT</type>
<sym>square</sym>
</rtept>
<rtept lat="4.3369976979" lon="128.8187871334">
<time>2023-02-02T01:05:00Z</time>
<name>p0000000602</name>
<type>WPT</type>
<sym>square</sym>
</rtept>
<rtept lat="4.3507316093" lon="128.8134371238">
<time>2023-02-02T01:10:00Z</time>
<name>p0000000603</name>
<type>WPT</type>
<sym>square</sym>
</rtept>
<rtept lat="4.3644900854" lon="128.8080773328">
<time>2023-02-02T01:15:00Z</time>
<name>p0000000604</name>
<type>WPT</type>
<sym>square</sym>
</rtept>
<rtept lat="4.3782719884" lon="128.8027082021">
<time>2023-02-02T01:20:00Z</time>
<name>p0000000605</name>
<type>WPT</type>
<sym>square</sym>
</rtept>
<rtept lat="4.3920763008" lon="128.7973301260">
<time>2023-02-02T01:25:00Z</time>
<name>p0000000606</name>
<type>WPT</type>
<sym>square</sym>
</rtept>
<rtept lat="4.4059021195" lon="128.7919434547">
<time>2023-02-02T01:30:00Z</time>
<name>p0000000607</name>
<type>WPT</type>
<sym>square</sym>
</rtept>
<rtept lat="4.4197486503" lon="128.7865484958">
<time>2023-02-02T01:35:00Z</time>
<name>p0000000608</name>
<type>WPT</type>
<sym>square</sym>
</rtept>
<rtept lat="4.4336152022" lon="128.7811455166">
<time>2023-02-02T01:40:00Z</time>
<name>p0000000609</name>
<type>WPT</type>
<sym>square</sym>
</rtept>
<rtept lat="4.4475011832" lon="128.7757347462">
<time>2023-02-02T01:45:00Z</time>
<name>p0000000610</name>
<type>WPT</type>
<sym>square</sym>
</rtept>
<rtept lat="4.4614060955" lon="128.7703163768">
<time>2023-02-02T01:50:00Z</time>
<name>p0000000611</name>
<type>WPT</type>
<sym>square</sym>
</rtept>
<rtept lat="4.4753295314" lon="128.7648905654">
<time>2023-02-02T01:55:00Z</time>
<name>p0000000612</name>
<type>WPT</type>
<sym>square</sym>
</rtept>
<rtept lat="4.4892711698" lon="128.7594574355">
<time>2023-02-02T02:00:00Z</time>
<name>p0000000613</name>
<type>WPT</type>
<sym>square</sym>
</rtept>
<rtept lat="4.5032307731" lon="128.7540170778">
<time>2023-02-02T02:05:00Z</time>
<name>p0000000614</name>
<type>WPT</type>
<sym>square</sym>
</rtept>
<rtept lat="4.5172086880" lon="128.7485693555">
<time>2023-02-02T02:10:00Z</time>
<name>p0000000615</name>
<type>WPT</type>
<sym>square</sym>
</rtept>
<rtept lat="4.5312051652" lon="128.7431141689">
<time>2023-02-02T02:15:00Z</time>
<name>p0000000616</name>
<type>WPT</type>
<sym>square</sym>
</rtept>
<rtept lat="4.5452155444" lon="128.7376533328">
<time>2023-02-02T02:20:00Z</time>
<name>p0000000617</name>
<type>WPT</type>
<sym>square</sym>
</rtept>
<rtept lat="4.5592400264" lon="128.7321867670">
<time>2023-02-02T02:25:00Z</time>
<name>p0000000618</name>
<type>WPT</type>
<sym>square</sym>
</rtept>
<rtept lat="4.5732788300" lon="128.7267143845">
<time>2023-02-02T02:30:00Z</time>
<name>p0000000619</name>
<type>WPT</type>
<sym>square</sym>
</rtept>
<rtept lat="4.5873321882" lon="128.7212360927">
<time>2023-02-02T02:35:00Z</time>
<name>p0000000620</name>
<type>WPT</type>
<sym>square</sym>
</rtept>
<rtept lat="4.6014003445" lon="128.7157517946">
<time>2023-02-02T02:40:00Z</time>
<name>p0000000621</name>
<type>WPT</type>
<sym>square</sym>
</rtept>
<rtept lat="4.6154835495" lon="128.7102613906">
<time>2023-02-02T02:45:00Z</time>
<name>p0000000622</name>
<type>WPT</type>
<sym>square</sym>
</rtept>
<rtept lat="4.6295820572" lon="128.7047647793">
<time>2023-02-02T02:50:00Z</time>
<name>p0000000623</name>
<type>WPT</type>
<sym>square</sym>
</rtept>
<rtept lat="4.6436961208" lon="128.6992618596">
<time>2023-02-02T02:55:00Z</time>
<name>p0000000624</name>
<type>WPT</type>
<sym>square</sym>
</rtept>
<rtept lat="4.6578259890" lon="128.6937525319">
<time>2023-02-02T03:00:00Z</time>
<name>p0000000625</name>
<type>WPT</type>
<sym>square</sym>
</rtept>
<rtept lat="4.6719289976" lon="128.6882534290">
<time>2023-02-02T03:05:00Z</time>
<name>p0000000626</name>
<type>WPT</type>
<sym>square</sym>
</rtept>
<rtept lat="4.6860068874" lon="128.6827638706">
<time>2023-02-02T03:10:00Z</time>
<name>p0000000627</name>
<type>WPT</type>
<sym>square</sym>
</rtept>
<rtept lat="4.7000612625" lon="128.6772832287">
<time>2023-02-02T03:15:00Z</time>
<name>p0000000628</name>
<type>WPT</type>
<sym>square</sym>
</rtept>
<rtept lat="4.7140938159" lon="128.6718108383">
<time>2023-02-02T03:20:00Z</time>
<name>p0000000629</name>
<type>WPT</type>
<sym>square</sym>
</rtept>
<rtept lat="4.7281098079" lon="128.6663446382">
<time>2023-02-02T03:25:00Z</time>
<name>p0000000630</name>
<type>WPT</type>
<sym>square</sym>
</rtept>
<rtept lat="4.7421108545" lon="128.6608839683">
<time>2023-02-02T03:30:00Z</time>
<name>p0000000631</name>
<type>WPT</type>
<sym>square</sym>
</rtept>
<rtept lat="4.7563541203" lon="128.6562803154">
<time>2023-02-02T03:35:00Z</time>
<name>p0000000632</name>
<type>WPT</type>
<sym>square</sym>
</rtept>
<rtept lat="4.7705885077" lon="128.6516793320">
<time>2023-02-02T03:40:00Z</time>
<name>p0000000633</name>
<type>WPT</type>
<sym>square</sym>
</rtept>
<rtept lat="4.7848130478" lon="128.6470813308">
<time>2023-02-02T03:45:00Z</time>
<name>p0000000634</name>
<type>WPT</type>
<sym>square</sym>
</rtept>
<rtept lat="4.7989984121" lon="128.6424957925">
<time>2023-02-02T03:50:00Z</time>
<name>p0000000635</name>
<type>WPT</type>
<sym>square</sym>
</rtept>
<rtept lat="4.8131412334" lon="128.6379238067">
<time>2023-02-02T03:55:00Z</time>
<name>p0000000636</name>
<type>WPT</type>
<sym>square</sym>
</rtept>
<rtept lat="4.8272421998" lon="128.6333651522">
<time>2023-02-02T04:00:00Z</time>
<name>p0000000637</name>
<type>WPT</type>
<sym>square</sym>
</rtept>
<rtept lat="4.8413020133" lon="128.6288196032">
<time>2023-02-02T04:05:00Z</time>
<name>p0000000638</name>
<type>WPT</type>
<sym>square</sym>
</rtept>
<rtept lat="4.8553213899" lon="128.6242869293">
<time>2023-02-02T04:10:00Z</time>
<name>p0000000639</name>
<type>WPT</type>
<sym>square</sym>
</rtept>
<rtept lat="4.8693010586" lon="128.6197668959">
<time>2023-02-02T04:15:00Z</time>
<name>p0000000640</name>
<type>WPT</type>
<sym>square</sym>
</rtept>
<rtept lat="4.8832417618" lon="128.6152592641">
<time>2023-02-02T04:20:00Z</time>
<name>p0000000641</name>
<type>WPT</type>
<sym>square</sym>
</rtept>
<rtept lat="4.8971442545" lon="128.6107637908">
<time>2023-02-02T04:25:00Z</time>
<name>p0000000642</name>
<type>WPT</type>
<sym>square</sym>
</rtept>
<rtept lat="4.9110093045" lon="128.6062802288">
<time>2023-02-02T04:30:00Z</time>
<name>p0000000643</name>
<type>WPT</type>
<sym>square</sym>
</rtept>
<rtept lat="4.9248376917" lon="128.6018083269">
<time>2023-02-02T04:35:00Z</time>
<name>p0000000644</name>
<type>WPT</type>
<sym>square</sym>
</rtept>
<rtept lat="4.9386302080" lon="128.5973478300">
<time>2023-02-02T04:40:00Z</time>
<name>p0000000645</name>
<type>WPT</type>
<sym>square</sym>
</rtept>
<rtept lat="4.9523862223" lon="128.5928989432">
<time>2023-02-02T04:45:00Z</time>
<name>p0000000646</name>
<type>WPT</type>
<sym>square</sym>
</rtept>
<rtept lat="4.9661019636" lon="128.5884628870">
<time>2023-02-02T04:50:00Z</time>
<name>p0000000647</name>
<type>WPT</type>
<sym>square</sym>
</rtept>
<rtept lat="4.9797796545" lon="128.5840389439">
<time>2023-02-02T04:55:00Z</time>
<name>p0000000648</name>
<type>WPT</type>
<sym>square</sym>
</rtept>
<rtept lat="4.9934205520" lon="128.5796267083">
<time>2023-02-02T05:00:00Z</time>
<name>p0000000649</name>
<type>WPT</type>
<sym>square</sym>
</rtept>
<rtept lat="5.0070255151" lon="128.5752259032">
<time>2023-02-02T05:05:00Z</time>
<name>p0000000650</name>
<type>WPT</type>
<sym>square</sym>
</rtept>
<rtept lat="5.0205921011" lon="128.5708373200">
<time>2023-02-02T05:10:00Z</time>
<name>p0000000651</name>
<type>WPT</type>
<sym>square</sym>
</rtept>
<rtept lat="5.0341182618" lon="128.5664616222">
<time>2023-02-02T05:15:00Z</time>
<name>p0000000652</name>
<type>WPT</type>
<sym>square</sym>
</rtept>
<rtept lat="5.0476050851" lon="128.5620984592">
<time>2023-02-02T05:20:00Z</time>
<name>p0000000653</name>
<type>WPT</type>
<sym>square</sym>
</rtept>
<rtept lat="5.0610536347" lon="128.5577474879">
<time>2023-02-02T05:25:00Z</time>
<name>p0000000654</name>
<type>WPT</type>
<sym>square</sym>
</rtept>
<rtept lat="5.0744649507" lon="128.5534083729">
<time>2023-02-02T05:30:00Z</time>
<name>p0000000655</name>
<type>WPT</type>
<sym>square</sym>
</rtept>
<rtept lat="5.0878400501" lon="128.5490807862">
<time>2023-02-02T05:35:00Z</time>
<name>p0000000656</name>
<type>WPT</type>
<sym>square</sym>
</rtept>
<rtept lat="5.1011799269" lon="128.5447644073">
<time>2023-02-02T05:40:00Z</time>
<name>p0000000657</name>
<type>WPT</type>
<sym>square</sym>
</rtept>
<rtept lat="5.1144855526" lon="128.5404589227">
<time>2023-02-02T05:45:00Z</time>
<name>p0000000658</name>
<type>WPT</type>
<sym>square</sym>
</rtept>
<rtept lat="5.1277578765" lon="128.5361640262">
<time>2023-02-02T05:50:00Z</time>
<name>p0000000659</name>
<type>WPT</type>
<sym>square</sym>
</rtept>
<rtept lat="5.1409978259" lon="128.5318794186">
<time>2023-02-02T05:55:00Z</time>
<name>p0000000660</name>
<type>WPT</type>
<sym>square</sym>
</rtept>
<rtept lat="5.1542063067" lon="128.5276048076">
<time>2023-02-02T06:00:00Z</time>
<name>p0000000661</name>
<type>WPT</type>
<sym>square</sym>
</rtept>
<rtept lat="5.1674042115" lon="128.5233334324">
<time>2023-02-02T06:05:00Z</time>
<name>p0000000662</name>
<type>WPT</type>
<sym>square</sym>
</rtept>
<rtept lat="5.1805910516" lon="128.5190654510">
<time>2023-02-02T06:10:00Z</time>
<name>p0000000663</name>
<type>WPT</type>
<sym>square</sym>
</rtept>
<rtept lat="5.1937663243" lon="128.5148010261">
<time>2023-02-02T06:15:00Z</time>
<name>p0000000664</name>
<type>WPT</type>
<sym>square</sym>
</rtept>
<rtept lat="5.2069295132" lon="128.5105403249">
<time>2023-02-02T06:20:00Z</time>
<name>p0000000665</name>
<type>WPT</type>
<sym>square</sym>
</rtept>
<rtept lat="5.2200800883" lon="128.5062835190">
<time>2023-02-02T06:25:00Z</time>
<name>p0000000666</name>
<type>WPT</type>
<sym>square</sym>
</rtept>
<rtept lat="5.2332175057" lon="128.5020307845">
<time>2023-02-02T06:30:00Z</time>
<name>p0000000667</name>
<type>WPT</type>
<sym>square</sym>
</rtept>
<rtept lat="5.2463412082" lon="128.4977823018">
<time>2023-02-02T06:35:00Z</time>
<name>p0000000668</name>
<type>WPT</type>
<sym>square</sym>
</rtept>
<rtept lat="5.2594539216" lon="128.4935371887">
<time>2023-02-02T06:40:00Z</time>
<name>p0000000669</name>
<type>WPT</type>
<sym>square</sym>
</rtept>
<rtept lat="5.2725529048" lon="128.4892963325">
<time>2023-02-02T06:45:00Z</time>
<name>p0000000670</name>
<type>WPT</type>
<sym>square</sym>
</rtept>
<rtept lat="5.2856366344" lon="128.4850602266">
<time>2023-02-02T06:50:00Z</time>
<name>p0000000671</name>
<type>WPT</type>
<sym>square</sym>
</rtept>
<rtept lat="5.2987058265" lon="128.4808286393">
<time>2023-02-02T06:55:00Z</time>
<name>p0000000672</name>
<type>WPT</type>
<sym>square</sym>
</rtept>
<rtept lat="5.3117612196" lon="128.4766013317">
<time>2023-02-02T07:00:00Z</time>
<name>p0000000673</name>
<type>WPT</type>
<sym>square</sym>
</rtept>
<rtept lat="5.3248035744" lon="128.4723780574">
<time>2023-02-02T07:05:00Z</time>
<name>p0000000674</name>
<type>WPT</type>
<sym>square</sym>
</rtept>
<rtept lat="5.3378336736" lon="128.4681585632">
<time>2023-02-02T07:10:00Z</time>
<name>p0000000675</name>
<type>WPT</type>
<sym>square</sym>
</rtept>
<rtept lat="5.3508523223" lon="128.4639425885">
<time>2023-02-02T07:15:00Z</time>
<name>p0000000676</name>
<type>WPT</type>
<sym>square</sym>
</rtept>
<rtept lat="5.3638603475" lon="128.4597298653">
<time>2023-02-02T07:20:00Z</time>
<name>p0000000677</name>
<type>WPT</type>
<sym>square</sym>
</rtept>
<rtept lat="5.3768585981" lon="128.4555201187">
<time>2023-02-02T07:25:00Z</time>
<name>p0000000678</name>
<type>WPT</type>
<sym>square</sym>
</rtept>
<rtept lat="5.3898479454" lon="128.4513130665">
<time>2023-02-02T07:30:00Z</time>
<name>p0000000679</name>
<type>WPT</type>
<sym>square</sym>
</rtept>
<rtept lat="5.4028292823" lon="128.4471084194">
<time>2023-02-02T07:35:00Z</time>
<name>p0000000680</name>
<type>WPT</type>
<sym>square</sym>
</rtept>
<rtept lat="5.4158035239" lon="128.4429058808">
<time>2023-02-02T07:40:00Z</time>
<name>p0000000681</name>
<type>WPT</type>
<sym>square</sym>
</rtept>
<rtept lat="5.4287716074" lon="128.4387051471">
<time>2023-02-02T07:45:00Z</time>
<name>p0000000682</name>
<type>WPT</type>
<sym>square</sym>
</rtept>
<rtept lat="5.4417344920" lon="128.4345059072">
<time>2023-02-02T07:50:00Z</time>
<name>p0000000683</name>
<type>WPT</type>
<sym>square</sym>
</rtept>
<rtept lat="5.4546931590" lon="128.4303078431">
<time>2023-02-02T07:55:00Z</time>
<name>p0000000684</name>
<type>WPT</type>
<sym>square</sym>
</rtept>
<rtept lat="5.4676486120" lon="128.4261106293">
<time>2023-02-02T08:00:00Z</time>
<name>p0000000685</name>
<type>WPT</type>
<sym>square</sym>
</rtept>
<rtept lat="5.4806018770" lon="128.4219139331">
<time>2023-02-02T08:05:00Z</time>
<name>p0000000686</name>
<type>WPT</type>
<sym>square</sym>
</rtept>
<rtept lat="5.4935540024" lon="128.4177174144">
<time>2023-02-02T08:10:00Z</time>
<name>p0000000687</name>
<type>WPT</type>
<sym>square</sym>
</rtept>
<rtept lat="5.5065060591" lon="128.4135207258">
<time>2023-02-02T08:15:00Z</time>
<name>p0000000688</name>
<type>WPT</type>
<sym>square</sym>
</rtept>
<rtept lat="5.5194661200" lon="128.4093212509">
<time>2023-02-02T08:20:00Z</time>
<name>p0000000689</name>
<type>WPT</type>
<sym>square</sym>
</rtept>
<rtept lat="5.5324417847" lon="128.4051165263">
<time>2023-02-02T08:25:00Z</time>
<name>p0000000690</name>
<type>WPT</type>
<sym>square</sym>
</rtept>
<rtept lat="5.5454335828" lon="128.4009063791">
<time>2023-02-02T08:30:00Z</time>
<name>p0000000691</name>
<type>WPT</type>
<sym>square</sym>
</rtept>
<rtept lat="5.5584420184" lon="128.3966906449">
<time>2023-02-02T08:35:00Z</time>
<name>p0000000692</name>
<type>WPT</type>
<sym>square</sym>
</rtept>
<rtept lat="5.5714675701" lon="128.3924691671">
<time>2023-02-02T08:40:00Z</time>
<name>p0000000693</name>
<type>WPT</type>
<sym>square</sym>
</rtept>
<rtept lat="5.5845106909" lon="128.3882417979">
<time>2023-02-02T08:45:00Z</time>
<name>p0000000694</name>
<type>WPT</type>
<sym>square</sym>
</rtept>
<rtept lat="5.5975718078" lon="128.3840083975">
<time>2023-02-02T08:50:00Z</time>
<name>p0000000695</name>
<type>WPT</type>
<sym>square</sym>
</rtept>
<rtept lat="5.6106513218" lon="128.3797688346">
<time>2023-02-02T08:55:00Z</time>
<name>p0000000696</name>
<type>WPT</type>
<sym>square</sym>
</rtept>
<rtept lat="5.6237496072" lon="128.3755229866">
<time>2023-02-02T09:00:00Z</time>
<name>p0000000697</name>
<type>WPT</type>
<sym>square</sym>
</rtept>
<rtept lat="5.6368525631" lon="128.3712754232">
<time>2023-02-02T09:05:00Z</time>
<name>p0000000698</name>
<type>WPT</type>
<sym>square</sym>
</rtept>
<rtept lat="5.6499586851" lon="128.3670266314">
<time>2023-02-02T09:10:00Z</time>
<name>p0000000699</name>
<type>WPT</type>
<sym>square</sym>
</rtept>
<rtept lat="5.6630664904" lon="128.3627770913">
<time>2023-02-02T09:15:00Z</time>
<name>p0000000700</name>
<type>WPT</type>
<sym>square</sym>
</rtept>
<rtept lat="5.6761745182" lon="128.3585272761">
<time>2023-02-02T09:20:00Z</time>
<name>p0000000701</name>
<type>WPT</type>
<sym>square</sym>
</rtept>
<rtept lat="5.6892813300" lon="128.3542776515">
<time>2023-02-02T09:25:00Z</time>
<name>p0000000702</name>
<type>WPT</type>
<sym>square</sym>
</rtept>
<rtept lat="5.7023855101" lon="128.3500286763">
<time>2023-02-02T09:30:00Z</time>
<name>p0000000703</name>
<type>WPT</type>
<sym>square</sym>
</rtept>
<rtept lat="5.7154856661" lon="128.3457808015">
<time>2023-02-02T09:35:00Z</time>
<name>p0000000704</name>
<type>WPT</type>
<sym>square</sym>
</rtept>
<rtept lat="5.7285804291" lon="128.3415344708">
<time>2023-02-02T09:40:00Z</time>
<name>p0000000705</name>
<type>WPT</type>
<sym>square</sym>
</rtept>
<rtept lat="5.7416684541" lon="128.3372901201">
<time>2023-02-02T09:45:00Z</time>
<name>p0000000706</name>
<type>WPT</type>
<sym>square</sym>
</rtept>
<rtept lat="5.7547484203" lon="128.3330481775">
<time>2023-02-02T09:50:00Z</time>
<name>p0000000707</name>
<type>WPT</type>
<sym>square</sym>
</rtept>
<rtept lat="5.7678198815" lon="128.3288087878">
<time>2023-02-02T09:55:00Z</time>
<name>p0000000708</name>
<type>WPT</type>
<sym>square</sym>
</rtept>
<rtept lat="5.7808836845" lon="128.3245716762">
<time>2023-02-02T10:00:00Z</time>
<name>p0000000709</name>
<type>WPT</type>
<sym>square</sym>
</rtept>
<rtept lat="5.7939394776" lon="128.3203369566">
<time>2023-02-02T10:05:00Z</time>
<name>p0000000710</name>
<type>WPT</type>
<sym>square</sym>
</rtept>
<rtept lat="5.8069869015" lon="128.3161047454">
<time>2023-02-02T10:10:00Z</time>
<name>p0000000711</name>
<type>WPT</type>
<sym>square</sym>
</rtept>
<rtept lat="5.8200255900" lon="128.3118751615">
<time>2023-02-02T10:15:00Z</time>
<name>p0000000712</name>
<type>WPT</type>
<sym>square</sym>
</rtept>
<rtept lat="5.8330551693" lon="128.3076483259">
<time>2023-02-02T10:20:00Z</time>
<name>p0000000713</name>
<type>WPT</type>
<sym>square</sym>
</rtept>
<rtept lat="5.8460752589" lon="128.3034243621">
<time>2023-02-02T10:25:00Z</time>
<name>p0000000714</name>
<type>WPT</type>
<sym>square</sym>
</rtept>
<rtept lat="5.8590854707" lon="128.2992033960">
<time>2023-02-02T10:30:00Z</time>
<name>p0000000715</name>
<type>WPT</type>
<sym>square</sym>
</rtept>
<rtept lat="5.8720854099" lon="128.2949855556">
<time>2023-02-02T10:35:00Z</time>
<name>p0000000716</name>
<type>WPT</type>
<sym>square</sym>
</rtept>
<rtept lat="5.8850746748" lon="128.2907709713">
<time>2023-02-02T10:40:00Z</time>
<name>p0000000717</name>
<type>WPT</type>
<sym>square</sym>
</rtept>
<rtept lat="5.8980528569" lon="128.2865597757">
<time>2023-02-02T10:45:00Z</time>
<name>p0000000718</name>
<type>WPT</type>
<sym>square</sym>
</rtept>
<rtept lat="5.9110195409" lon="128.2823521037">
<time>2023-02-02T10:50:00Z</time>
<name>p0000000719</name>
<type>WPT</type>
<sym>square</sym>
</rtept>
<rtept lat="5.9239743051" lon="128.2781480921">
<time>2023-02-02T10:55:00Z</time>
<name>p0000000720</name>
<type>WPT</type>
<sym>square</sym>
</rtept>
<rtept lat="5.9369167215" lon="128.2739478800">
<time>2023-02-02T11:00:00Z</time>
<name>p0000000721</name>
<type>WPT</type>
<sym>square</sym>
</rtept>
<rtept lat="5.9498463557" lon="128.2697516084">
<time>2023-02-02T11:05:00Z</time>
<name>p0000000722</name>
<type>WPT</type>
<sym>square</sym>
</rtept>
<rtept lat="5.9627627676" lon="128.2655594203">
<time>2023-02-02T11:10:00Z</time>
<name>p0000000723</name>
<type>WPT</type>
<sym>square</sym>
</rtept>
<rtept lat="5.9756655111" lon="128.2613714608">
<time>2023-02-02T11:15:00Z</time>
<name>p0000000724</name>
<type>WPT</type>
<sym>square</sym>
</rtept>
<rtept lat="5.9885541348" lon="128.2571878766">
<time>2023-02-02T11:20:00Z</time>
<name>p0000000725</name>
<type>WPT</type>
<sym>square</sym>
</rtept>
<rtept lat="6.0014281818" lon="128.2530088161">
<time>2023-02-02T11:25:00Z</time>
<name>p0000000726</name>
<type>WPT</type>
<sym>square</sym>
</rtept>
<rtept lat="6.0142866363" lon="128.2488346093">
<time>2023-02-02T11:30:00Z</time>
<name>p0000000727</name>
<type>WPT</type>
<sym>square</sym>
</rtept>
<rtept lat="6.0271247227" lon="128.2446668070">
<time>2023-02-02T11:35:00Z</time>
<name>p0000000728</name>
<type>WPT</type>
<sym>square</sym>
</rtept>
<rtept lat="6.0399421049" lon="128.2405055189">
<time>2023-02-02T11:40:00Z</time>
<name>p0000000729</name>
<type>WPT</type>
<sym>square</sym>
</rtept>
<rtept lat="6.0527393590" lon="128.2363505583">
<time>2023-02-02T11:45:00Z</time>
<name>p0000000730</name>
<type>WPT</type>
<sym>square</sym>
</rtept>
<rtept lat="6.0655168027" lon="128.2322018227">
<time>2023-02-02T11:50:00Z</time>
<name>p0000000731</name>
<type>WPT</type>
<sym>square</sym>
</rtept>
<rtept lat="6.0782748729" lon="128.2280591706">
<time>2023-02-02T11:55:00Z</time>
<name>p0000000732</name>
<type>WPT</type>
<sym>square</sym>
</rtept>
<rtept lat="6.0910140219" lon="128.2239224559">
<time>2023-02-02T12:00:00Z</time>
<name>p0000000733</name>
<type>WPT</type>
<sym>square</sym>
</rtept>
<rtept lat="6.1037476969" lon="128.2197873119">
<time>2023-02-02T12:05:00Z</time>
<name>p0000000734</name>
<type>WPT</type>
<sym>square</sym>
</rtept>
<rtept lat="6.1164763867" lon="128.2156535797">
<time>2023-02-02T12:10:00Z</time>
<name>p0000000735</name>
<type>WPT</type>
<sym>square</sym>
</rtept>
<rtept lat="6.1292005735" lon="128.2115211026">
<time>2023-02-02T12:15:00Z</time>
<name>p0000000736</name>
<type>WPT</type>
<sym>square</sym>
</rtept>
<rtept lat="6.1419207323" lon="128.2073897261">
<time>2023-02-02T12:20:00Z</time>
<name>p0000000737</name>
<type>WPT</type>
<sym>square</sym>
</rtept>
<rtept lat="6.1546373312" lon="128.2032592978">
<time>2023-02-02T12:25:00Z</time>
<name>p0000000738</name>
<type>WPT</type>
<sym>square</sym>
</rtept>
<rtept lat="6.1673508309" lon="128.1991296678">
<time>2023-02-02T12:30:00Z</time>
<name>p0000000739</name>
<type>WPT</type>
<sym>square</sym>
</rtept>
<rtept lat="6.1800616848" lon="128.1950006885">
<time>2023-02-02T12:35:00Z</time>
<name>p0000000740</name>
<type>WPT</type>
<sym>square</sym>
</rtept>
<rtept lat="6.1927703390" lon="128.1908722148">
<time>2023-02-02T12:40:00Z</time>
<name>p0000000741</name>
<type>WPT</type>
<sym>square</sym>
</rtept>
<rtept lat="6.2054772316" lon="128.1867441039">
<time>2023-02-02T12:45:00Z</time>
<name>p0000000742</name>
<type>WPT</type>
<sym>square</sym>
</rtept>
<rtept lat="6.2181827930" lon="128.1826162156">
<time>2023-02-02T12:50:00Z</time>
<name>p0000000743</name>
<type>WPT</type>
<sym>square</sym>
</rtept>
<rtept lat="6.2308874457" lon="128.1784884124">
<time>2023-02-02T12:55:00Z</time>
<name>p0000000744</name>
<type>WPT</type>
<sym>square</sym>
</rtept>
<rtept lat="6.2435916040" lon="128.1743605591">
<time>2023-02-02T13:00:00Z</time>
<name>p0000000745</name>
<type>WPT</type>
<sym>square</sym>
</rtept>
<rtept lat="6.2562956738" lon="128.1702325234">
<time>2023-02-02T13:05:00Z</time>
<name>p0000000746</name>
<type>WPT</type>
<sym>square</sym>
</rtept>
<rtept lat="6.2690036114" lon="128.1661030193">
<time>2023-02-02T13:10:00Z</time>
<name>p0000000747</name>
<type>WPT</type>
<sym>square</sym>
</rtept>
<rtept lat="6.2817192834" lon="128.1619707896">
<time>2023-02-02T13:15:00Z</time>
<name>p0000000748</name>
<type>WPT</type>
<sym>square</sym>
</rtept>
<rtept lat="6.2944423380" lon="128.1578359477">
<time>2023-02-02T13:20:00Z</time>
<name>p0000000749</name>
<type>WPT</type>
<sym>square</sym>
</rtept>
<rtept lat="6.3071706575" lon="128.1536991812">
<time>2023-02-02T13:25:00Z</time>
<name>p0000000750</name>
<type>WPT</type>
<sym>square</sym>
</rtept>
<rtept lat="6.3199043691" lon="128.1495604479">
<time>2023-02-02T13:30:00Z</time>
<name>p0000000751</name>
<type>WPT</type>
<sym>square</sym>
</rtept>
<rtept lat="6.3326435415" lon="128.1454197248">
<time>2023-02-02T13:35:00Z</time>
<name>p0000000752</name>
<type>WPT</type>
<sym>square</sym>
</rtept>
<rtept lat="6.3453881853" lon="128.1412770078">
<time>2023-02-02T13:40:00Z</time>
<name>p0000000753</name>
<type>WPT</type>
<sym>square</sym>
</rtept>
<rtept lat="6.3581382530" lon="128.1371323114">
<time>2023-02-02T13:45:00Z</time>
<name>p0000000754</name>
<type>WPT</type>
<sym>square</sym>
</rtept>
<rtept lat="6.3708936396" lon="128.1329856692">
<time>2023-02-02T13:50:00Z</time>
<name>p0000000755</name>
<type>WPT</type>
<sym>square</sym>
</rtept>
<rtept lat="6.3836541829" lon="128.1288371332">
<time>2023-02-02T13:55:00Z</time>
<name>p0000000756</name>
<type>WPT</type>
<sym>square</sym>
</rtept>
<rtept lat="6.3964196629" lon="128.1246867740">
<time>2023-02-02T14:00:00Z</time>
<name>p0000000757</name>
<type>WPT</type>
<sym>square</sym>
</rtept>
<rtept lat="6.4091898032" lon="128.1205346810">
<time>2023-02-02T14:05:00Z</time>
<name>p0000000758</name>
<type>WPT</type>
<sym>square</sym>
</rtept>
<rtept lat="6.4219642699" lon="128.1163809619">
<time>2023-02-02T14:10:00Z</time>
<name>p0000000759</name>
<type>WPT</type>
<sym>square</sym>
</rtept>
<rtept lat="6.4347426723" lon="128.1122257432">
<time>2023-02-02T14:15:00Z</time>
<name>p0000000760</name>
<type>WPT</type>
<sym>square</sym>
</rtept>
<rtept lat="6.4475245631" lon="128.1080691696">
<time>2023-02-02T14:20:00Z</time>
<name>p0000000761</name>
<type>WPT</type>
<sym>square</sym>
</rtept>
<rtept lat="6.4603094376" lon="128.1039114046">
<time>2023-02-02T14:25:00Z</time>
<name>p0000000762</name>
<type>WPT</type>
<sym>square</sym>
</rtept>
<rtept lat="6.4730967345" lon="128.0997526302">
<time>2023-02-02T14:30:00Z</time>
<name>p0000000763</name>
<type>WPT</type>
<sym>square</sym>
</rtept>
<rtept lat="6.4858858354" lon="128.0955930469">
<time>2023-02-02T14:35:00Z</time>
<name>p0000000764</name>
<type>WPT</type>
<sym>square</sym>
</rtept>
<rtept lat="6.4986760647" lon="128.0914328739">
<time>2023-02-02T14:40:00Z</time>
<name>p0000000765</name>
<type>WPT</type>
<sym>square</sym>
</rtept>
<rtept lat="6.5114666895" lon="128.0872723491">
<time>2023-02-02T14:45:00Z</time>
<name>p0000000766</name>
<type>WPT</type>
<sym>square</sym>
</rtept>
<rtept lat="6.5242469409" lon="128.0831149751">
<time>2023-02-02T14:50:00Z</time>
<name>p0000000767</name>
<type>WPT</type>
<sym>square</sym>
</rtept>
<rtept lat="6.5370145101" lon="128.0789615032">
<time>2023-02-02T14:55:00Z</time>
<name>p0000000768</name>
<type>WPT</type>
<sym>square</sym>
</rtept>
<rtept lat="6.5497682159" lon="128.0748123177">
<time>2023-02-02T15:00:00Z</time>
<name>p0000000769</name>
<type>WPT</type>
<sym>square</sym>
</rtept>
<rtept lat="6.5624657585" lon="128.0706811813">
<time>2023-02-02T15:05:00Z</time>
<name>p0000000770</name>
<type>WPT</type>
<sym>square</sym>
</rtept>
<rtept lat="6.5751078935" lon="128.0665678508">
<time>2023-02-02T15:10:00Z</time>
<name>p0000000771</name>
<type>WPT</type>
<sym>square</sym>
</rtept>
<rtept lat="6.5876887014" lon="128.0624742546">
<time>2023-02-02T15:15:00Z</time>
<name>p0000000772</name>
<type>WPT</type>
<sym>square</sym>
</rtept>
<rtept lat="6.6002082485" lon="128.0584003740">
<time>2023-02-02T15:20:00Z</time>
<name>p0000000773</name>
<type>WPT</type>
<sym>square</sym>
</rtept>
<rtept lat="6.6126674876" lon="128.0543459017">
<time>2023-02-02T15:25:00Z</time>
<name>p0000000774</name>
<type>WPT</type>
<sym>square</sym>
</rtept>
<rtept lat="6.6250601457" lon="128.0503128819">
<time>2023-02-02T15:30:00Z</time>
<name>p0000000775</name>
<type>WPT</type>
<sym>square</sym>
</rtept>
<rtept lat="6.6373833980" lon="128.0463022368">
<time>2023-02-02T15:35:00Z</time>
<name>p0000000776</name>
<type>WPT</type>
<sym>square</sym>
</rtept>
<rtept lat="6.6496390807" lon="128.0423133722">
<time>2023-02-02T15:40:00Z</time>
<name>p0000000777</name>
<type>WPT</type>
<sym>square</sym>
</rtept>
<rtept lat="6.6618290855" lon="128.0383456752">
<time>2023-02-02T15:45:00Z</time>
<name>p0000000778</name>
<type>WPT</type>
<sym>square</sym>
</rtept>
<rtept lat="6.6739553576" lon="128.0343985157">
<time>2023-02-02T15:50:00Z</time>
<name>p0000000779</name>
<type>WPT</type>
<sym>square</sym>
</rtept>
<rtept lat="6.6860198934" lon="128.0304712467">
<time>2023-02-02T15:55:00Z</time>
<name>p0000000780</name>
<type>WPT</type>
<sym>square</sym>
</rtept>
<rtept lat="6.6980247378" lon="128.0265632051">
<time>2023-02-02T16:00:00Z</time>
<name>p0000000781</name>
<type>WPT</type>
<sym>square</sym>
</rtept>
<rtept lat="6.7099719822" lon="128.0226737128">
<time>2023-02-02T16:05:00Z</time>
<name>p0000000782</name>
<type>WPT</type>
<sym>square</sym>
</rtept>
<rtept lat="6.7218637626" lon="128.0188020769">
<time>2023-02-02T16:10:00Z</time>
<name>p0000000783</name>
<type>WPT</type>
<sym>square</sym>
</rtept>
<rtept lat="6.7336980045" lon="128.0149489753">
<time>2023-02-02T16:15:00Z</time>
<name>p0000000784</name>
<type>WPT</type>
<sym>square</sym>
</rtept>
<rtept lat="6.7454695619" lon="128.0111160859">
<time>2023-02-02T16:20:00Z</time>
<name>p0000000785</name>
<type>WPT</type>
<sym>square</sym>
</rtept>
<rtept lat="6.7571799640" lon="128.0073029138">
<time>2023-02-02T16:25:00Z</time>
<name>p0000000786</name>
<type>WPT</type>
<sym>square</sym>
</rtept>
<rtept lat="6.7688393177" lon="128.0035061703">
<time>2023-02-02T16:30:00Z</time>
<name>p0000000787</name>
<type>WPT</type>
<sym>square</sym>
</rtept>
<rtept lat="6.7804546149" lon="127.9997235806">
<time>2023-02-02T16:35:00Z</time>
<name>p0000000788</name>
<type>WPT</type>
<sym>square</sym>
</rtept>
<rtept lat="6.7920290747" lon="127.9959540982">
<time>2023-02-02T16:40:00Z</time>
<name>p0000000789</name>
<type>WPT</type>
<sym>square</sym>
</rtept>
<rtept lat="6.8035851045" lon="127.9921904269">
<time>2023-02-02T16:45:00Z</time>
<name>p0000000790</name>
<type>WPT</type>
<sym>square</sym>
</rtept>
<rtept lat="6.8151259360" lon="127.9884315145">
<time>2023-02-02T16:50:00Z</time>
<name>p0000000791</name>
<type>WPT</type>
<sym>square</sym>
</rtept>
<rtept lat="6.8266547030" lon="127.9846763409">
<time>2023-02-02T16:55:00Z</time>
<name>p0000000792</name>
<type>WPT</type>
<sym>square</sym>
</rtept>
<rtept lat="6.8381745957" lon="127.9809238669">
<time>2023-02-02T17:00:00Z</time>
<name>p0000000793</name>
<type>WPT</type>
<sym>square</sym>
</rtept>
<rtept lat="6.8496980469" lon="127.9771700427">
<time>2023-02-02T17:05:00Z</time>
<name>p0000000794</name>
<type>WPT</type>
<sym>square</sym>
</rtept>
<rtept lat="6.8612299562" lon="127.9734132715">
<time>2023-02-02T17:10:00Z</time>
<name>p0000000795</name>
<type>WPT</type>
<sym>square</sym>
</rtept>
<rtept lat="6.8727736339" lon="127.9696524741">
<time>2023-02-02T17:15:00Z</time>
<name>p0000000796</name>
<type>WPT</type>
<sym>square</sym>
</rtept>
<rtept lat="6.8843323679" lon="127.9658865784">
<time>2023-02-02T17:20:00Z</time>
<name>p0000000797</name>
<type>WPT</type>
<sym>square</sym>
</rtept>
<rtept lat="6.8959094273" lon="127.9621145180">
<time>2023-02-02T17:25:00Z</time>
<name>p0000000798</name>
<type>WPT</type>
<sym>square</sym>
</rtept>
<rtept lat="6.9075080659" lon="127.9583352314">
<time>2023-02-02T17:30:00Z</time>
<name>p0000000799</name>
<type>WPT</type>
<sym>square</sym>
</rtept>
<rtept lat="6.9191315238" lon="127.9545476615">
<time>2023-02-02T17:35:00Z</time>
<name>p0000000800</name>
<type>WPT</type>
<sym>square</sym>
</rtept>
<rtept lat="6.9307830289" lon="127.9507507546">
<time>2023-02-02T17:40:00Z</time>
<name>p0000000801</name>
<type>WPT</type>
<sym>square</sym>
</rtept>
<rtept lat="6.9424252866" lon="127.9469566631">
<time>2023-02-02T17:45:00Z</time>
<name>p0000000802</name>
<type>WPT</type>
<sym>square</sym>
</rtept>
<rtept lat="6.9539395597" lon="127.9432040847">
<time>2023-02-02T17:50:00Z</time>
<name>p0000000803</name>
<type>WPT</type>
<sym>square</sym>
</rtept>
<rtept lat="6.9653272505" lon="127.9394925687">
<time>2023-02-02T17:55:00Z</time>
<name>p0000000804</name>
<type>WPT</type>
<sym>square</sym>
</rtept>
<rtept lat="6.9765902736" lon="127.9358214969">
<time>2023-02-02T18:00:00Z</time>
<name>p0000000805</name>
<type>WPT</type>
<sym>square</sym>
</rtept>
<rtept lat="6.9879229904" lon="127.9321275210">
<time>2023-02-02T18:05:00Z</time>
<name>p0000000806</name>
<type>WPT</type>
<sym>square</sym>
</rtept>
<rtept lat="6.9993244363" lon="127.9284109518">
<time>2023-02-02T18:10:00Z</time>
<name>p0000000807</name>
<type>WPT</type>
<sym>square</sym>
</rtept>
<rtept lat="7.0107938519" lon="127.9246720329">
<time>2023-02-02T18:15:00Z</time>
<name>p0000000808</name>
<type>WPT</type>
<sym>square</sym>
</rtept>
<rtept lat="7.0224638901" lon="127.9208675141">
<time>2023-02-02T18:20:00Z</time>
<name>p0000000809</name>
<type>WPT</type>
<sym>square</sym>
</rtept>
<rtept lat="7.0343300590" lon="127.9169988493">
<time>2023-02-02T18:25:00Z</time>
<name>p0000000810</name>
<type>WPT</type>
<sym>square</sym>
</rtept>
<rtept lat="7.0462753811" lon="127.9131041678">
<time>2023-02-02T18:30:00Z</time>
<name>p0000000811</name>
<type>WPT</type>
<sym>square</sym>
</rtept>
<rtept lat="7.0582970191" lon="127.9091843901">
<time>2023-02-02T18:35:00Z</time>
<name>p0000000812</name>
<type>WPT</type>
<sym>square</sym>
</rtept>
<rtept lat="7.0703917044" lon="127.9052405775">
<time>2023-02-02T18:40:00Z</time>
<name>p0000000813</name>
<type>WPT</type>
<sym>square</sym>
</rtept>
<rtept lat="7.0825558255" lon="127.9012739035">
<time>2023-02-02T18:45:00Z</time>
<name>p0000000814</name>
<type>WPT</type>
<sym>square</sym>
</rtept>
<rtept lat="7.0947855010" lon="127.8972856295">
<time>2023-02-02T18:50:00Z</time>
<name>p0000000815</name>
<type>WPT</type>
<sym>square</sym>
</rtept>
<rtept lat="7.1070766408" lon="127.8932770854">
<time>2023-02-02T18:55:00Z</time>
<name>p0000000816</name>
<type>WPT</type>
<sym>square</sym>
</rtept>
<rtept lat="7.1194249983" lon="127.8892496526">
<time>2023-02-02T19:00:00Z</time>
<name>p0000000817</name>
<type>WPT</type>
<sym>square</sym>
</rtept>
<rtept lat="7.1318260261" lon="127.8852048105">
<time>2023-02-02T19:05:00Z</time>
<name>p0000000818</name>
<type>WPT</type>
<sym>square</sym>
</rtept>
<rtept lat="7.1442750937" lon="127.8811440662">
<time>2023-02-02T19:10:00Z</time>
<name>p0000000819</name>
<type>WPT</type>
<sym>square</sym>
</rtept>
<rtept lat="7.1567679060" lon="127.8770688177">
<time>2023-02-02T19:15:00Z</time>
<name>p0000000820</name>
<type>WPT</type>
<sym>square</sym>
</rtept>
<rtept lat="7.1693002584" lon="127.8729804336">
<time>2023-02-02T19:20:00Z</time>
<name>p0000000821</name>
<type>WPT</type>
<sym>square</sym>
</rtept>
<rtept lat="7.1818680471" lon="127.8688802501">
<time>2023-02-02T19:25:00Z</time>
<name>p0000000822</name>
<type>WPT</type>
<sym>square</sym>
</rtept>
<rtept lat="7.1944672774" lon="127.8647695680">
<time>2023-02-02T19:30:00Z</time>
<name>p0000000823</name>
<type>WPT</type>
<sym>square</sym>
</rtept>
<rtept lat="7.2070940723" lon="127.8606496501">
<time>2023-02-02T19:35:00Z</time>
<name>p0000000824</name>
<type>WPT</type>
<sym>square</sym>
</rtept>
<rtept lat="7.2197446792" lon="127.8565217187">
<time>2023-02-02T19:40:00Z</time>
<name>p0000000825</name>
<type>WPT</type>
<sym>square</sym>
</rtept>
<rtept lat="7.2324154768" lon="127.8523869536">
<time>2023-02-02T19:45:00Z</time>
<name>p0000000826</name>
<type>WPT</type>
<sym>square</sym>
</rtept>
<rtept lat="7.2451029805" lon="127.8482464904">
<time>2023-02-02T19:50:00Z</time>
<name>p0000000827</name>
<type>WPT</type>
<sym>square</sym>
</rtept>
<rtept lat="7.2578038478" lon="127.8441014184">
<time>2023-02-02T19:55:00Z</time>
<name>p0000000828</name>
<type>WPT</type>
<sym>square</sym>
</rtept>
<rtept lat="7.2705173123" lon="127.8399519865">
<time>2023-02-02T20:00:00Z</time>
<name>p0000000829</name>
<type>WPT</type>
<sym>square</sym>
</rtept>
<rtept lat="7.2832433174" lon="127.8357982119">
<time>2023-02-02T20:05:00Z</time>
<name>p0000000830</name>
<type>WPT</type>
<sym>square</sym>
</rtept>
<rtept lat="7.2959729495" lon="127.8316430029">
<time>2023-02-02T20:10:00Z</time>
<name>p0000000831</name>
<type>WPT</type>
<sym>square</sym>
</rtept>
<rtept lat="7.3087039614" lon="127.8274870923">
<time>2023-02-02T20:15:00Z</time>
<name>p0000000832</name>
<type>WPT</type>
<sym>square</sym>
</rtept>
<rtept lat="7.3214362458" lon="127.8233305145">
<time>2023-02-02T20:20:00Z</time>
<name>p0000000833</name>
<type>WPT</type>
<sym>square</sym>
</rtept>
<rtept lat="7.3341698140" lon="127.8191732653">
<time>2023-02-02T20:25:00Z</time>
<name>p0000000834</name>
<type>WPT</type>
<sym>square</sym>
</rtept>
<rtept lat="7.3469047950" lon="127.8150153017">
<time>2023-02-02T20:30:00Z</time>
<name>p0000000835</name>
<type>WPT</type>
<sym>square</sym>
</rtept>
<rtept lat="7.3596414360" lon="127.8108565425">
<time>2023-02-02T20:35:00Z</time>
<name>p0000000836</name>
<type>WPT</type>
<sym>square</sym>
</rtept>
<rtept lat="7.3723801014" lon="127.8066968679">
<time>2023-02-02T20:40:00Z</time>
<name>p0000000837</name>
<type>WPT</type>
<sym>square</sym>
</rtept>
<rtept lat="7.3851212733" lon="127.8025361198">
<time>2023-02-02T20:45:00Z</time>
<name>p0000000838</name>
<type>WPT</type>
<sym>square</sym>
</rtept>
<rtept lat="7.3978655507" lon="127.7983741017">
<time>2023-02-02T20:50:00Z</time>
<name>p0000000839</name>
<type>WPT</type>
<sym>square</sym>
</rtept>
<rtept lat="7.4106136504" lon="127.7942105787">
<time>2023-02-02T20:55:00Z</time>
<name>p0000000840</name>
<type>WPT</type>
<sym>square</sym>
</rtept>
<rtept lat="7.4233664067" lon="127.7900452775">
<time>2023-02-02T21:00:00Z</time>
<name>p0000000841</name>
<type>WPT</type>
<sym>square</sym>
</rtept>
<rtept lat="7.4361392855" lon="127.7858731451">
<time>2023-02-02T21:05:00Z</time>
<name>p0000000842</name>
<type>WPT</type>
<sym>square</sym>
</rtept>
<rtept lat="7.4489319499" lon="127.7816942897">
<time>2023-02-02T21:10:00Z</time>
<name>p0000000843</name>
<type>WPT</type>
<sym>square</sym>
</rtept>
<rtept lat="7.4617440047" lon="127.7775088384">
<time>2023-02-02T21:15:00Z</time>
<name>p0000000844</name>
<type>WPT</type>
<sym>square</sym>
</rtept>
<rtept lat="7.4745749965" lon="127.7733169372">
<time>2023-02-02T21:20:00Z</time>
<name>p0000000845</name>
<type>WPT</type>
<sym>square</sym>
</rtept>
<rtept lat="7.4874244134" lon="127.7691187514">
<time>2023-02-02T21:25:00Z</time>
<name>p0000000846</name>
<type>WPT</type>
<sym>square</sym>
</rtept>
<rtept lat="7.5002916845" lon="127.7649144654">
<time>2023-02-02T21:30:00Z</time>
<name>p0000000847</name>
<type>WPT</type>
<sym>square</sym>
</rtept>
<rtept lat="7.5131760298" lon="127.7607043318">
<time>2023-02-02T21:35:00Z</time>
<name>p0000000848</name>
<type>WPT</type>
<sym>square</sym>
</rtept>
<rtept lat="7.5260708202" lon="127.7564905147">
<time>2023-02-02T21:40:00Z</time>
<name>p0000000849</name>
<type>WPT</type>
<sym>square</sym>
</rtept>
<rtept lat="7.5389764048" lon="127.7522728979">
<time>2023-02-02T21:45:00Z</time>
<name>p0000000850</name>
<type>WPT</type>
<sym>square</sym>
</rtept>
<rtept lat="7.5518930986" lon="127.7480513761">
<time>2023-02-02T21:50:00Z</time>
<name>p0000000851</name>
<type>WPT</type>
<sym>square</sym>
</rtept>
<rtept lat="7.5648227138" lon="127.7438253543">
<time>2023-02-02T21:55:00Z</time>
<name>p0000000852</name>
<type>WPT</type>
<sym>square</sym>
</rtept>
<rtept lat="7.5777669847" lon="127.7395942619">
<time>2023-02-02T22:00:00Z</time>
<name>p0000000853</name>
<type>WPT</type>
<sym>square</sym>
</rtept>
<rtept lat="7.5907257479" lon="127.7353581479">
<time>2023-02-02T22:05:00Z</time>
<name>p0000000854</name>
<type>WPT</type>
<sym>square</sym>
</rtept>
<rtept lat="7.6036988471" lon="127.7311170564">
<time>2023-02-02T22:10:00Z</time>
<name>p0000000855</name>
<type>WPT</type>
<sym>square</sym>
</rtept>
<rtept lat="7.6166861327" lon="127.7268710249">
<time>2023-02-02T22:15:00Z</time>
<name>p0000000856</name>
<type>WPT</type>
<sym>square</sym>
</rtept>
<rtept lat="7.6296874625" lon="127.7226200711">
<time>2023-02-02T22:20:00Z</time>
<name>p0000000857</name>
<type>WPT</type>
<sym>square</sym>
</rtept>
<rtept lat="7.6426461147" lon="127.7168819514">
<time>2023-02-02T22:25:00Z</time>
<name>p0000000858</name>
<type>WPT</type>
<sym>square</sym>
</rtept>
<rtept lat="7.6556162323" lon="127.7111383724">
<time>2023-02-02T22:30:00Z</time>
<name>p0000000859</name>
<type>WPT</type>
<sym>square</sym>
</rtept>
<rtept lat="7.6685978590" lon="127.7053893131">
<time>2023-02-02T22:35:00Z</time>
<name>p0000000860</name>
<type>WPT</type>
<sym>square</sym>
</rtept>
<rtept lat="7.6815910395" lon="127.6996347519">
<time>2023-02-02T22:40:00Z</time>
<name>p0000000861</name>
<type>WPT</type>
<sym>square</sym>
</rtept>
<rtept lat="7.6945958194" lon="127.6938746670">
<time>2023-02-02T22:45:00Z</time>
<name>p0000000862</name>
<type>WPT</type>
<sym>square</sym>
</rtept>
<rtept lat="7.7076122452" lon="127.6881090360">
<time>2023-02-02T22:50:00Z</time>
<name>p0000000863</name>
<type>WPT</type>
<sym>square</sym>
</rtept>
<rtept lat="7.7206403643" lon="127.6823378361">
<time>2023-02-02T22:55:00Z</time>
<name>p0000000864</name>
<type>WPT</type>
<sym>square</sym>
</rtept>
<rtept lat="7.7336802248" lon="127.6765610444">
<time>2023-02-02T23:00:00Z</time>
<name>p0000000865</name>
<type>WPT</type>
<sym>square</sym>
</rtept>
<rtept lat="7.7467318759" lon="127.6707786373">
<time>2023-02-02T23:05:00Z</time>
<name>p0000000866</name>
<type>WPT</type>
<sym>square</sym>
</rtept>
<rtept lat="7.7597953673" lon="127.6649905909">
<time>2023-02-02T23:10:00Z</time>
<name>p0000000867</name>
<type>WPT</type>
<sym>square</sym>
</rtept>
<rtept lat="7.7728721152" lon="127.6591962760">
<time>2023-02-02T23:15:00Z</time>
<name>p0000000868</name>
<type>WPT</type>
<sym>square</sym>
</rtept>
<rtept lat="7.7859631230" lon="127.6533952461">
<time>2023-02-02T23:20:00Z</time>
<name>p0000000869</name>
<type>WPT</type>
<sym>square</sym>
</rtept>
<rtept lat="7.7990695958" lon="127.6475869650">
<time>2023-02-02T23:25:00Z</time>
<name>p0000000870</name>
<type>WPT</type>
<sym>square</sym>
</rtept>
<rtept lat="7.8121922940" lon="127.6417710936">
<time>2023-02-02T23:30:00Z</time>
<name>p0000000871</name>
<type>WPT</type>
<sym>square</sym>
</rtept>
<rtept lat="7.8253320009" lon="127.6359472827">
<time>2023-02-02T23:35:00Z</time>
<name>p0000000872</name>
<type>WPT</type>
<sym>square</sym>
</rtept>
<rtept lat="7.8384895417" lon="127.6301151640">
<time>2023-02-02T23:40:00Z</time>
<name>p0000000873</name>
<type>WPT</type>
<sym>square</sym>
</rtept>
<rtept lat="7.8516657839" lon="127.6242743506">
<time>2023-02-02T23:45:00Z</time>
<name>p0000000874</name>
<type>WPT</type>
<sym>square</sym>
</rtept>
<rtept lat="7.8648616376" lon="127.6184244368">
<time>2023-02-02T23:50:00Z</time>
<name>p0000000875</name>
<type>WPT</type>
<sym>square</sym>
</rtept>
<rtept lat="7.8780780552" lon="127.6125649976">
<time>2023-02-02T23:55:00Z</time>
<name>p0000000876</name>
<type>WPT</type>
<sym>square</sym>
</rtept>
<rtept lat="7.8913160319" lon="127.6066955891">
<time>2023-02-03T00:00:00Z</time>
<name>p0000000877</name>
<type>WPT</type>
<sym>square</sym>
</rtept>
<rtept lat="7.9045377999" lon="127.6008329555">
<time>2023-02-03T00:05:00Z</time>
<name>p0000000878</name>
<type>WPT</type>
<sym>square</sym>
</rtept>
<rtept lat="7.9177417937" lon="127.5949777918">
<time>2023-02-03T00:10:00Z</time>
<name>p0000000879</name>
<type>WPT</type>
<sym>square</sym>
</rtept>
<rtept lat="7.9309265342" lon="127.5891307547">
<time>2023-02-03T00:15:00Z</time>
<name>p0000000880</name>
<type>WPT</type>
<sym>square</sym>
</rtept>
<rtept lat="7.9440906282" lon="127.5832924633">
<time>2023-02-03T00:20:00Z</time>
<name>p0000000881</name>
<type>WPT</type>
<sym>square</sym>
</rtept>
<rtept lat="7.9572327668" lon="127.5774634993">
<time>2023-02-03T00:25:00Z</time>
<name>p0000000882</name>
<type>WPT</type>
<sym>square</sym>
</rtept>
<rtept lat="7.9703517251" lon="127.5716444075">
<time>2023-02-03T00:30:00Z</time>
<name>p0000000883</name>
<type>WPT</type>
<sym>square</sym>
</rtept>
<rtept lat="7.9834463608" lon="127.5658356959">
<time>2023-02-03T00:35:00Z</time>
<name>p0000000884</name>
<type>WPT</type>
<sym>square</sym>
</rtept>
<rtept lat="7.9965156127" lon="127.5600378369">
<time>2023-02-03T00:40:00Z</time>
<name>p0000000885</name>
<type>WPT</type>
<sym>square</sym>
</rtept>
<rtept lat="8.0095584998" lon="127.5542512675">
<time>2023-02-03T00:45:00Z</time>
<name>p0000000886</name>
<type>WPT</type>
<sym>square</sym>
</rtept>
<rtept lat="8.0225737476" lon="127.5484765548">
<time>2023-02-03T00:50:00Z</time>
<name>p0000000887</name>
<type>WPT</type>
<sym>square</sym>
</rtept>
<rtept lat="8.0355613141" lon="127.5427137194">
<time>2023-02-03T00:55:00Z</time>
<name>p0000000888</name>
<type>WPT</type>
<sym>square</sym>
</rtept>
<rtept lat="8.0485214745" lon="127.5369626411">
<time>2023-02-03T01:00:00Z</time>
<name>p0000000889</name>
<type>WPT</type>
<sym>square</sym>
</rtept>
<rtept lat="8.0614545397" lon="127.5312231837">
<time>2023-02-03T01:05:00Z</time>
<name>p0000000890</name>
<type>WPT</type>
<sym>square</sym>
</rtept>
<rtept lat="8.0743608551" lon="127.5254951959">
<time>2023-02-03T01:10:00Z</time>
<name>p0000000891</name>
<type>WPT</type>
<sym>square</sym>
</rtept>
<rtept lat="8.0872378104" lon="127.5197798380">
<time>2023-02-03T01:15:00Z</time>
<name>p0000000892</name>
<type>WPT</type>
<sym>square</sym>
</rtept>
<rtept lat="8.1000818150" lon="127.5140787057">
<time>2023-02-03T01:20:00Z</time>
<name>p0000000893</name>
<type>WPT</type>
<sym>square</sym>
</rtept>
<rtept lat="8.1128938459" lon="127.5083913680">
<time>2023-02-03T01:25:00Z</time>
<name>p0000000894</name>
<type>WPT</type>
<sym>square</sym>
</rtept>
<rtept lat="8.1256749079" lon="127.5027173810">
<time>2023-02-03T01:30:00Z</time>
<name>p0000000895</name>
<type>WPT</type>
<sym>square</sym>
</rtept>
<rtept lat="8.1384260323" lon="127.4970562890">
<time>2023-02-03T01:35:00Z</time>
<name>p0000000896</name>
<type>WPT</type>
<sym>square</sym>
</rtept>
<rtept lat="8.1511520150" lon="127.4914059648">
<time>2023-02-03T01:40:00Z</time>
<name>p0000000897</name>
<type>WPT</type>
<sym>square</sym>
</rtept>
<rtept lat="8.1638574991" lon="127.4857643482">
<time>2023-02-03T01:45:00Z</time>
<name>p0000000898</name>
<type>WPT</type>
<sym>square</sym>
</rtept>
<rtept lat="8.1765435170" lon="127.4801309823">
<time>2023-02-03T01:50:00Z</time>
<name>p0000000899</name>
<type>WPT</type>
<sym>square</sym>
</rtept>
<rtept lat="8.1892109749" lon="127.4745054655">
<time>2023-02-03T01:55:00Z</time>
<name>p0000000900</name>
<type>WPT</type>
<sym>square</sym>
</rtept>
<rtept lat="8.2018606554" lon="127.4688874515">
<time>2023-02-03T02:00:00Z</time>
<name>p0000000901</name>
<type>WPT</type>
<sym>square</sym>
</rtept>
<rtept lat="8.2144932194" lon="127.4632766477">
<time>2023-02-03T02:05:00Z</time>
<name>p0000000902</name>
<type>WPT</type>
<sym>square</sym>
</rtept>
<rtept lat="8.2271092082" lon="127.4576728146">
<time>2023-02-03T02:10:00Z</time>
<name>p0000000903</name>
<type>WPT</type>
<sym>square</sym>
</rtept>
<rtept lat="8.2397090460" lon="127.4520757647">
<time>2023-02-03T02:15:00Z</time>
<name>p0000000904</name>
<type>WPT</type>
<sym>square</sym>
</rtept>
<rtept lat="8.2522930417" lon="127.4464853616">
<time>2023-02-03T02:20:00Z</time>
<name>p0000000905</name>
<type>WPT</type>
<sym>square</sym>
</rtept>
<rtept lat="8.2648601365" lon="127.4409020765">
<time>2023-02-03T02:25:00Z</time>
<name>p0000000906</name>
<type>WPT</type>
<sym>square</sym>
</rtept>
<rtept lat="8.2774051901" lon="127.4353281943">
<time>2023-02-03T02:30:00Z</time>
<name>p0000000907</name>
<type>WPT</type>
<sym>square</sym>
</rtept>
<rtept lat="8.2899289346" lon="127.4297633912">
<time>2023-02-03T02:35:00Z</time>
<name>p0000000908</name>
<type>WPT</type>
<sym>square</sym>
</rtept>
<rtept lat="8.3024320973" lon="127.4242073453">
<time>2023-02-03T02:40:00Z</time>
<name>p0000000909</name>
<type>WPT</type>
<sym>square</sym>
</rtept>
<rtept lat="8.3149154011" lon="127.4186597366">
<time>2023-02-03T02:45:00Z</time>
<name>p0000000910</name>
<type>WPT</type>
<sym>square</sym>
</rtept>
<rtept lat="8.3273795639" lon="127.4131202473">
<time>2023-02-03T02:50:00Z</time>
<name>p0000000911</name>
<type>WPT</type>
<sym>square</sym>
</rtept>
<rtept lat="8.3398252995" lon="127.4075885613">
<time>2023-02-03T02:55:00Z</time>
<name>p0000000912</name>
<type>WPT</type>
<sym>square</sym>
</rtept>
<rtept lat="8.3522533171" lon="127.4020643645">
<time>2023-02-03T03:00:00Z</time>
<name>p0000000913</name>
<type>WPT</type>
<sym>square</sym>
</rtept>
<rtept lat="8.3646728423" lon="127.3965435567">
<time>2023-02-03T03:05:00Z</time>
<name>p0000000914</name>
<type>WPT</type>
<sym>square</sym>
</rtept>
<rtept lat="8.3770839335" lon="127.3910261122">
<time>2023-02-03T03:10:00Z</time>
<name>p0000000915</name>
<type>WPT</type>
<sym>square</sym>
</rtept>
<rtept lat="8.3894865939" lon="127.3855120299">
<time>2023-02-03T03:15:00Z</time>
<name>p0000000916</name>
<type>WPT</type>
<sym>square</sym>
</rtept>
<rtept lat="8.4018807715" lon="127.3800013328">
<time>2023-02-03T03:20:00Z</time>
<name>p0000000917</name>
<type>WPT</type>
<sym>square</sym>
</rtept>
<rtept lat="8.4142663605" lon="127.3744940684">
<time>2023-02-03T03:25:00Z</time>
<name>p0000000918</name>
<type>WPT</type>
<sym>square</sym>
</rtept>
<rtept lat="8.4266432011" lon="127.3689903078">
<time>2023-02-03T03:30:00Z</time>
<name>p0000000919</name>
<type>WPT</type>
<sym>square</sym>
</rtept>
<rtept lat="8.4390110804" lon="127.3634901460">
<time>2023-02-03T03:35:00Z</time>
<name>p0000000920</name>
<type>WPT</type>
<sym>square</sym>
</rtept>
<rtept lat="8.4513697330" lon="127.3579937011">
<time>2023-02-03T03:40:00Z</time>
<name>p0000000921</name>
<type>WPT</type>
<sym>square</sym>
</rtept>
<rtept lat="8.4637188411" lon="127.3525011149">
<time>2023-02-03T03:45:00Z</time>
<name>p0000000922</name>
<type>WPT</type>
<sym>square</sym>
</rtept>
<rtept lat="8.4760580358" lon="127.3470125517">
<time>2023-02-03T03:50:00Z</time>
<name>p0000000923</name>
<type>WPT</type>
<sym>square</sym>
</rtept>
<rtept lat="8.4883868966" lon="127.3415281989">
<time>2023-02-03T03:55:00Z</time>
<name>p0000000924</name>
<type>WPT</type>
<sym>square</sym>
</rtept>
<rtept lat="8.5007049531" lon="127.3360482661">
<time>2023-02-03T04:00:00Z</time>
<name>p0000000925</name>
<type>WPT</type>
<sym>square</sym>
</rtept>
<rtept lat="8.5130120069" lon="127.3305728421">
<time>2023-02-03T04:05:00Z</time>
<name>p0000000926</name>
<type>WPT</type>
<sym>square</sym>
</rtept>
<rtept lat="8.5253131381" lon="127.3250996669">
<time>2023-02-03T04:10:00Z</time>
<name>p0000000927</name>
<type>WPT</type>
<sym>square</sym>
</rtept>
<rtept lat="8.5376084212" lon="127.3196287073">
<time>2023-02-03T04:15:00Z</time>
<name>p0000000928</name>
<type>WPT</type>
<sym>square</sym>
</rtept>
<rtept lat="8.5498979341" lon="127.3141599286">
<time>2023-02-03T04:20:00Z</time>
<name>p0000000929</name>
<type>WPT</type>
<sym>square</sym>
</rtept>
<rtept lat="8.5621815079" lon="127.3086934060">
<time>2023-02-03T04:25:00Z</time>
<name>p0000000930</name>
<type>WPT</type>
<sym>square</sym>
</rtept>
<rtept lat="8.5744590593" lon="127.3032291764">
<time>2023-02-03T04:30:00Z</time>
<name>p0000000931</name>
<type>WPT</type>
<sym>square</sym>
</rtept>
<rtept lat="8.5867306446" lon="127.2977672149">
<time>2023-02-03T04:35:00Z</time>
<name>p0000000932</name>
<type>WPT</type>
<sym>square</sym>
</rtept>
<rtept lat="8.5989963243" lon="127.2923074943">
<time>2023-02-03T04:40:00Z</time>
<name>p0000000933</name>
<type>WPT</type>
<sym>square</sym>
</rtept>
<rtept lat="8.6112561628" lon="127.2868499861">
<time>2023-02-03T04:45:00Z</time>
<name>p0000000934</name>
<type>WPT</type>
<sym>square</sym>
</rtept>
<rtept lat="8.6235102280" lon="127.2813946600">
<time>2023-02-03T04:50:00Z</time>
<name>p0000000935</name>
<type>WPT</type>
<sym>square</sym>
</rtept>
<rtept lat="8.6357585912" lon="127.2759414841">
<time>2023-02-03T04:55:00Z</time>
<name>p0000000936</name>
<type>WPT</type>
<sym>square</sym>
</rtept>
<rtept lat="8.6480013272" lon="127.2704904252">
<time>2023-02-03T05:00:00Z</time>
<name>p0000000937</name>
<type>WPT</type>
<sym>square</sym>
</rtept>
<rtept lat="8.6602385136" lon="127.2650414486">
<time>2023-02-03T05:05:00Z</time>
<name>p0000000938</name>
<type>WPT</type>
<sym>square</sym>
</rtept>
<rtept lat="8.6724702311" lon="127.2595945183">
<time>2023-02-03T05:10:00Z</time>
<name>p0000000939</name>
<type>WPT</type>
<sym>square</sym>
</rtept>
<rtept lat="8.6846965630" lon="127.2541495971">
<time>2023-02-03T05:15:00Z</time>
<name>p0000000940</name>
<type>WPT</type>
<sym>square</sym>
</rtept>
<rtept lat="8.6969175953" lon="127.2487066467">
<time>2023-02-03T05:20:00Z</time>
<name>p0000000941</name>
<type>WPT</type>
<sym>square</sym>
</rtept>
<rtept lat="8.7091368587" lon="127.2432640944">
<time>2023-02-03T05:25:00Z</time>
<name>p0000000942</name>
<type>WPT</type>
<sym>square</sym>
</rtept>
<rtept lat="8.7213653261" lon="127.2378170519">
<time>2023-02-03T05:30:00Z</time>
<name>p0000000943</name>
<type>WPT</type>
<sym>square</sym>
</rtept>
<rtept lat="8.7336028407" lon="127.2323655875">
<time>2023-02-03T05:35:00Z</time>
<name>p0000000944</name>
<type>WPT</type>
<sym>square</sym>
</rtept>
<rtept lat="8.7458492364" lon="127.2269097739">
<time>2023-02-03T05:40:00Z</time>
<name>p0000000945</name>
<type>WPT</type>
<sym>square</sym>
</rtept>
<rtept lat="8.7581043373" lon="127.2214496880">
<time>2023-02-03T05:45:00Z</time>
<name>p0000000946</name>
<type>WPT</type>
<sym>square</sym>
</rtept>
<rtept lat="8.7703612537" lon="127.2159883981">
<time>2023-02-03T05:50:00Z</time>
<name>p0000000947</name>
<type>WPT</type>
<sym>square</sym>
</rtept>
<rtept lat="8.7826163706" lon="127.2105275144">
<time>2023-02-03T05:55:00Z</time>
<name>p0000000948</name>
<type>WPT</type>
<sym>square</sym>
</rtept>
<rtept lat="8.7948695243" lon="127.2050671094">
<time>2023-02-03T06:00:00Z</time>
<name>p0000000949</name>
<type>WPT</type>
<sym>square</sym>
</rtept>
<rtept lat="8.8071477975" lon="127.1995951127">
<time>2023-02-03T06:05:00Z</time>
<name>p0000000950</name>
<type>WPT</type>
<sym>square</sym>
</rtept>
<rtept lat="8.8194492191" lon="127.1941123998">
<time>2023-02-03T06:10:00Z</time>
<name>p0000000951</name>
<type>WPT</type>
<sym>square</sym>
</rtept>
<rtept lat="8.8317718799" lon="127.1886198189">
<time>2023-02-03T06:15:00Z</time>
<name>p0000000952</name>
<type>WPT</type>
<sym>square</sym>
</rtept>
<rtept lat="8.8441139352" lon="127.1831181895">
<time>2023-02-03T06:20:00Z</time>
<name>p0000000953</name>
<type>WPT</type>
<sym>square</sym>
</rtept>
<rtept lat="8.8564736063" lon="127.1776083021">
<time>2023-02-03T06:25:00Z</time>
<name>p0000000954</name>
<type>WPT</type>
<sym>square</sym>
</rtept>
<rtept lat="8.8688491827" lon="127.1720909169">
<time>2023-02-03T06:30:00Z</time>
<name>p0000000955</name>
<type>WPT</type>
<sym>square</sym>
</rtept>
<rtept lat="8.8812390237" lon="127.1665667633">
<time>2023-02-03T06:35:00Z</time>
<name>p0000000956</name>
<type>WPT</type>
<sym>square</sym>
</rtept>
<rtept lat="8.8936405401" lon="127.1610369938">
<time>2023-02-03T06:40:00Z</time>
<name>p0000000957</name>
<type>WPT</type>
<sym>square</sym>
</rtept>
<rtept lat="8.9060505481" lon="127.1555030264">
<time>2023-02-03T06:45:00Z</time>
<name>p0000000958</name>
<type>WPT</type>
<sym>square</sym>
</rtept>
<rtept lat="8.9184675990" lon="127.1499655057">
<time>2023-02-03T06:50:00Z</time>
<name>p0000000959</name>
<type>WPT</type>
<sym>square</sym>
</rtept>
<rtept lat="8.9308903057" lon="127.1444250490">
<time>2023-02-03T06:55:00Z</time>
<name>p0000000960</name>
<type>WPT</type>
<sym>square</sym>
</rtept>
<rtept lat="8.9433173439" lon="127.1388822459">
<time>2023-02-03T07:00:00Z</time>
<name>p0000000961</name>
<type>WPT</type>
<sym>square</sym>
</rtept>
<rtept lat="8.9557474519" lon="127.1333376580">
<time>2023-02-03T07:05:00Z</time>
<name>p0000000962</name>
<type>WPT</type>
<sym>square</sym>
</rtept>
<rtept lat="8.9681794310" lon="127.1277918192">
<time>2023-02-03T07:10:00Z</time>
<name>p0000000963</name>
<type>WPT</type>
<sym>square</sym>
</rtept>
<rtept lat="8.9806121461" lon="127.1222452350">
<time>2023-02-03T07:15:00Z</time>
<name>p0000000964</name>
<type>WPT</type>
<sym>square</sym>
</rtept>
<rtept lat="8.9930445258" lon="127.1166983829">
<time>2023-02-03T07:20:00Z</time>
<name>p0000000965</name>
<type>WPT</type>
<sym>square</sym>
</rtept>
<rtept lat="9.0054755624" lon="127.1111517118">
<time>2023-02-03T07:25:00Z</time>
<name>p0000000966</name>
<type>WPT</type>
<sym>square</sym>
</rtept>
<rtept lat="9.0179064784" lon="127.1056046757">
<time>2023-02-03T07:30:00Z</time>
<name>p0000000967</name>
<type>WPT</type>
<sym>square</sym>
</rtept>
<rtept lat="9.0303393648" lon="127.1000563410">
<time>2023-02-03T07:35:00Z</time>
<name>p0000000968</name>
<type>WPT</type>
<sym>square</sym>
</rtept>
<rtept lat="9.0427736543" lon="127.0945069598">
<time>2023-02-03T07:40:00Z</time>
<name>p0000000969</name>
<type>WPT</type>
<sym>square</sym>
</rtept>
<rtept lat="9.0552087751" lon="127.0889567868">
<time>2023-02-03T07:45:00Z</time>
<name>p0000000970</name>
<type>WPT</type>
<sym>square</sym>
</rtept>
<rtept lat="9.0676441507" lon="127.0834060784">
<time>2023-02-03T07:50:00Z</time>
<name>p0000000971</name>
<type>WPT</type>
<sym>square</sym>
</rtept>
<rtept lat="9.0800792001" lon="127.0778550935">
<time>2023-02-03T07:55:00Z</time>
<name>p0000000972</name>
<type>WPT</type>
<sym>square</sym>
</rtept>
<rtept lat="9.0925133377" lon="127.0723040928">
<time>2023-02-03T08:00:00Z</time>
<name>p0000000973</name>
<type>WPT</type>
<sym>square</sym>
</rtept>
<rtept lat="9.1049459738" lon="127.0667533391">
<time>2023-02-03T08:05:00Z</time>
<name>p0000000974</name>
<type>WPT</type>
<sym>square</sym>
</rtept>
<rtept lat="9.1173765139" lon="127.0612030974">
<time>2023-02-03T08:10:00Z</time>
<name>p0000000975</name>
<type>WPT</type>
<sym>square</sym>
</rtept>
<rtept lat="9.1298043597" lon="127.0556536345">
<time>2023-02-03T08:15:00Z</time>
<name>p0000000976</name>
<type>WPT</type>
<sym>square</sym>
</rtept>
<rtept lat="9.1422289086" lon="127.0501052191">
<time>2023-02-03T08:20:00Z</time>
<name>p0000000977</name>
<type>WPT</type>
<sym>square</sym>
</rtept>
<rtept lat="9.1546495536" lon="127.0445581220">
<time>2023-02-03T08:25:00Z</time>
<name>p0000000978</name>
<type>WPT</type>
<sym>square</sym>
</rtept>
<rtept lat="9.1670656842" lon="127.0390126157">
<time>2023-02-03T08:30:00Z</time>
<name>p0000000979</name>
<type>WPT</type>
<sym>square</sym>
</rtept>
<rtept lat="9.1794766855" lon="127.0334689746">
<time>2023-02-03T08:35:00Z</time>
<name>p0000000980</name>
<type>WPT</type>
<sym>square</sym>
</rtept>
<rtept lat="9.1918819389" lon="127.0279274750">
<time>2023-02-03T08:40:00Z</time>
<name>p0000000981</name>
<type>WPT</type>
<sym>square</sym>
</rtept>
<rtept lat="9.2042808218" lon="127.0223883950">
<time>2023-02-03T08:45:00Z</time>
<name>p0000000982</name>
<type>WPT</type>
<sym>square</sym>
</rtept>
<rtept lat="9.2166696869" lon="127.0168533643">
<time>2023-02-03T08:50:00Z</time>
<name>p0000000983</name>
<type>WPT</type>
<sym>square</sym>
</rtept>
<rtept lat="9.2290468731" lon="127.0113231253">
<time>2023-02-03T08:55:00Z</time>
<name>p0000000984</name>
<type>WPT</type>
<sym>square</sym>
</rtept>
<rtept lat="9.2414114010" lon="127.0057981165">
<time>2023-02-03T09:00:00Z</time>
<name>p0000000985</name>
<type>WPT</type>
<sym>square</sym>
</rtept>
<rtept lat="9.2537920519" lon="127.0002654764">
<time>2023-02-03T09:05:00Z</time>
<name>p0000000986</name>
<type>WPT</type>
<sym>square</sym>
</rtept>
<rtept lat="9.2661884928" lon="126.9947253516">
<time>2023-02-03T09:10:00Z</time>
<name>p0000000987</name>
<type>WPT</type>
<sym>square</sym>
</rtept>
<rtept lat="9.2786105120" lon="126.9891733650">
<time>2023-02-03T09:15:00Z</time>
<name>p0000000988</name>
<type>WPT</type>
<sym>square</sym>
</rtept>
<rtept lat="9.2910591320" lon="126.9836090562">
<time>2023-02-03T09:20:00Z</time>
<name>p0000000989</name>
<type>WPT</type>
<sym>square</sym>
</rtept>
<rtept lat="9.3035349470" lon="126.9780321560">
<time>2023-02-03T09:25:00Z</time>
<name>p0000000990</name>
<type>WPT</type>
<sym>square</sym>
</rtept>
<rtept lat="9.3160386074" lon="126.9724423705">
<time>2023-02-03T09:30:00Z</time>
<name>p0000000991</name>
<type>WPT</type>
<sym>square</sym>
</rtept>
<rtept lat="9.3285707382" lon="126.9668394164">
<time>2023-02-03T09:35:00Z</time>
<name>p0000000992</name>
<type>WPT</type>
<sym>square</sym>
</rtept>
<rtept lat="9.3411294617" lon="126.9612241297">
<time>2023-02-03T09:40:00Z</time>
<name>p0000000993</name>
<type>WPT</type>
<sym>square</sym>
</rtept>
<rtept lat="9.3537142950" lon="126.9555967229">
<time>2023-02-03T09:45:00Z</time>
<name>p0000000994</name>
<type>WPT</type>
<sym>square</sym>
</rtept>
<rtept lat="9.3663255390" lon="126.9499570579">
<time>2023-02-03T09:50:00Z</time>
<name>p0000000995</name>
<type>WPT</type>
<sym>square</sym>
</rtept>
<rtept lat="9.3789634649" lon="126.9443050101">
<time>2023-02-03T09:55:00Z</time>
<name>p0000000996</name>
<type>WPT</type>
<sym>square</sym>
</rtept>
<rtept lat="9.3916283138" lon="126.9386404679">
<time>2023-02-03T10:00:00Z</time>
<name>p0000000997</name>
<type>WPT</type>
<sym>square</sym>
</rtept>
<rtept lat="9.4043202965" lon="126.9329633337">
<time>2023-02-03T10:05:00Z</time>
<name>p0000000998</name>
<type>WPT</type>
<sym>square</sym>
</rtept>
<rtept lat="9.4170395931" lon="126.9272735232">
<time>2023-02-03T10:10:00Z</time>
<name>p0000000999</name>
<type>WPT</type>
<sym>square</sym>
</rtept>
<rtept lat="9.4297863529" lon="126.9215709660">
<time>2023-02-03T10:15:00Z</time>
<name>p0000001000</name>
<type>WPT</type>
<sym>square</sym>
</rtept>
<rtept lat="9.4425606937" lon="126.9158556057">
<time>2023-02-03T10:20:00Z</time>
<name>p0000001001</name>
<type>WPT</type>
<sym>square</sym>
</rtept>
<rtept lat="9.4553627022" lon="126.9101273998">
<time>2023-02-03T10:25:00Z</time>
<name>p0000001002</name>
<type>WPT</type>
<sym>square</sym>
</rtept>
<rtept lat="9.4681924332" lon="126.9043863200">
<time>2023-02-03T10:30:00Z</time>
<name>p0000001003</name>
<type>WPT</type>
<sym>square</sym>
</rtept>
<rtept lat="9.4810499095" lon="126.8986323525">
<time>2023-02-03T10:35:00Z</time>
<name>p0000001004</name>
<type>WPT</type>
<sym>square</sym>
</rtept>
<rtept lat="9.4939351216" lon="126.8928654977">
<time>2023-02-03T10:40:00Z</time>
<name>p0000001005</name>
<type>WPT</type>
<sym>square</sym>
</rtept>
<rtept lat="9.5068480276" lon="126.8870857705">
<time>2023-02-03T10:45:00Z</time>
<name>p0000001006</name>
<type>WPT</type>
<sym>square</sym>
</rtept>
<rtept lat="9.5197899168" lon="126.8812925901">
<time>2023-02-03T10:50:00Z</time>
<name>p0000001007</name>
<type>WPT</type>
<sym>square</sym>
</rtept>
<rtept lat="9.5327615280" lon="126.8754856218">
<time>2023-02-03T10:55:00Z</time>
<name>p0000001008</name>
<type>WPT</type>
<sym>square</sym>
</rtept>
<rtept lat="9.5457620402" lon="126.8696652290">
<time>2023-02-03T11:00:00Z</time>
<name>p0000001009</name>
<type>WPT</type>
<sym>square</sym>
</rtept>
<rtept lat="9.5587906658" lon="126.8638317605">
<time>2023-02-03T11:05:00Z</time>
<name>p0000001010</name>
<type>WPT</type>
<sym>square</sym>
</rtept>
<rtept lat="9.5718466516" lon="126.8579855496">
<time>2023-02-03T11:10:00Z</time>
<name>p0000001011</name>
<type>WPT</type>
<sym>square</sym>
</rtept>
<rtept lat="9.5849292803" lon="126.8521269137">
<time>2023-02-03T11:15:00Z</time>
<name>p0000001012</name>
<type>WPT</type>
<sym>square</sym>
</rtept>
<rtept lat="9.5980378712" lon="126.8462561539">
<time>2023-02-03T11:20:00Z</time>
<name>p0000001013</name>
<type>WPT</type>
<sym>square</sym>
</rtept>
<rtept lat="9.6111717815" lon="126.8403735545">
<time>2023-02-03T11:25:00Z</time>
<name>p0000001014</name>
<type>WPT</type>
<sym>square</sym>
</rtept>
<rtept lat="9.6243304072" lon="126.8344793822">
<time>2023-02-03T11:30:00Z</time>
<name>p0000001015</name>
<type>WPT</type>
<sym>square</sym>
</rtept>
<rtept lat="9.6375131835" lon="126.8285738866">
<time>2023-02-03T11:35:00Z</time>
<name>p0000001016</name>
<type>WPT</type>
<sym>square</sym>
</rtept>
<rtept lat="9.6507195861" lon="126.8226572989">
<time>2023-02-03T11:40:00Z</time>
<name>p0000001017</name>
<type>WPT</type>
<sym>square</sym>
</rtept>
<rtept lat="9.6639491315" lon="126.8167298325">
<time>2023-02-03T11:45:00Z</time>
<name>p0000001018</name>
<type>WPT</type>
<sym>square</sym>
</rtept>
<rtept lat="9.6772013773" lon="126.8107916819">
<time>2023-02-03T11:50:00Z</time>
<name>p0000001019</name>
<type>WPT</type>
<sym>square</sym>
</rtept>
<rtept lat="9.6904759230" lon="126.8048430233">
<time>2023-02-03T11:55:00Z</time>
<name>p0000001020</name>
<type>WPT</type>
<sym>square</sym>
</rtept>
<rtept lat="9.7037724101" lon="126.7988840140">
<time>2023-02-03T12:00:00Z</time>
<name>p0000001021</name>
<type>WPT</type>
<sym>square</sym>
</rtept>
<rtept lat="9.7170687746" lon="126.7929245399">
<time>2023-02-03T12:05:00Z</time>
<name>p0000001022</name>
<type>WPT</type>
<sym>square</sym>
</rtept>
<rtept lat="9.7303655813" lon="126.7869643472">
<time>2023-02-03T12:10:00Z</time>
<name>p0000001023</name>
<type>WPT</type>
<sym>square</sym>
</rtept>
<rtept lat="9.7436633727" lon="126.7810031918">
<time>2023-02-03T12:15:00Z</time>
<name>p0000001024</name>
<type>WPT</type>
<sym>square</sym>
</rtept>
<rtept lat="9.7569626694" lon="126.7750408394">
<time>2023-02-03T12:20:00Z</time>
<name>p0000001025</name>
<type>WPT</type>
<sym>square</sym>
</rtept>
<rtept lat="9.7702614744" lon="126.7690781845">
<time>2023-02-03T12:25:00Z</time>
<name>p0000001026</name>
<type>WPT</type>
<sym>square</sym>
</rtept>
<rtept lat="9.7835585693" lon="126.7631157726">
<time>2023-02-03T12:30:00Z</time>
<name>p0000001027</name>
<type>WPT</type>
<sym>square</sym>
</rtept>
<rtept lat="9.7968551318" lon="126.7571530751">
<time>2023-02-03T12:35:00Z</time>
<name>p0000001028</name>
<type>WPT</type>
<sym>square</sym>
</rtept>
<rtept lat="9.8101522778" lon="126.7511895907">
<time>2023-02-03T12:40:00Z</time>
<name>p0000001029</name>
<type>WPT</type>
<sym>square</sym>
</rtept>
<rtept lat="9.8234510618" lon="126.7452248457">
<time>2023-02-03T12:45:00Z</time>
<name>p0000001030</name>
<type>WPT</type>
<sym>square</sym>
</rtept>
<rtept lat="9.8367518340" lon="126.7392586819">
<time>2023-02-03T12:50:00Z</time>
<name>p0000001031</name>
<type>WPT</type>
<sym>square</sym>
</rtept>
<rtept lat="9.8500548476" lon="126.7332909848">
<time>2023-02-03T12:55:00Z</time>
<name>p0000001032</name>
<type>WPT</type>
<sym>square</sym>
</rtept>
<rtept lat="9.8633604745" lon="126.7273215864">
<time>2023-02-03T13:00:00Z</time>
<name>p0000001033</name>
<type>WPT</type>
<sym>square</sym>
</rtept>
<rtept lat="9.8766691094" lon="126.7213503087">
<time>2023-02-03T13:05:00Z</time>
<name>p0000001034</name>
<type>WPT</type>
<sym>square</sym>
</rtept>
<rtept lat="9.8899811688" lon="126.7153769634">
<time>2023-02-03T13:10:00Z</time>
<name>p0000001035</name>
<type>WPT</type>
<sym>square</sym>
</rtept>
<rtept lat="9.9032970913" lon="126.7094013527">
<time>2023-02-03T13:15:00Z</time>
<name>p0000001036</name>
<type>WPT</type>
<sym>square</sym>
</rtept>
<rtept lat="9.9166173380" lon="126.7034232682">
<time>2023-02-03T13:20:00Z</time>
<name>p0000001037</name>
<type>WPT</type>
<sym>square</sym>
</rtept>
<rtept lat="9.9299423915" lon="126.6974424922">
<time>2023-02-03T13:25:00Z</time>
<name>p0000001038</name>
<type>WPT</type>
<sym>square</sym>
</rtept>
<rtept lat="9.9432727568" lon="126.6914587964">
<time>2023-02-03T13:30:00Z</time>
<name>p0000001039</name>
<type>WPT</type>
<sym>square</sym>
</rtept>
<rtept lat="9.9566089610" lon="126.6854719429">
<time>2023-02-03T13:35:00Z</time>
<name>p0000001040</name>
<type>WPT</type>
<sym>square</sym>
</rtept>
<rtept lat="9.9699515530" lon="126.6794816838">
<time>2023-02-03T13:40:00Z</time>
<name>p0000001041</name>
<type>WPT</type>
<sym>square</sym>
</rtept>
<rtept lat="9.9833011040" lon="126.6734877609">
<time>2023-02-03T13:45:00Z</time>
<name>p0000001042</name>
<type>WPT</type>
<sym>square</sym>
</rtept>
<rtept lat="9.9966582075" lon="126.6674899061">
<time>2023-02-03T13:50:00Z</time>
<name>p0000001043</name>
<type>WPT</type>
<sym>square</sym>
</rtept>
<rtept lat="10.0100234790" lon="126.6614878414">
<time>2023-02-03T13:55:00Z</time>
<name>p0000001044</name>
<type>WPT</type>
<sym>square</sym>
</rtept>
<rtept lat="10.0233925160" lon="126.6554835421">
<time>2023-02-03T14:00:00Z</time>
<name>p0000001045</name>
<type>WPT</type>
<sym>square</sym>
</rtept>
<rtept lat="10.0367640653" lon="126.6494775700">
<time>2023-02-03T14:05:00Z</time>
<name>p0000001046</name>
<type>WPT</type>
<sym>square</sym>
</rtept>
<rtept lat="10.0501386234" lon="126.6434697009">
<time>2023-02-03T14:10:00Z</time>
<name>p0000001047</name>
<type>WPT</type>
<sym>square</sym>
</rtept>
<rtept lat="10.0635167963" lon="126.6374596614">
<time>2023-02-03T14:15:00Z</time>
<name>p0000001048</name>
<type>WPT</type>
<sym>square</sym>
</rtept>
<rtept lat="10.0768992999" lon="126.6314471285">
<time>2023-02-03T14:20:00Z</time>
<name>p0000001049</name>
<type>WPT</type>
<sym>square</sym>
</rtept>
<rtept lat="10.0902869606" lon="126.6254317296">
<time>2023-02-03T14:25:00Z</time>
<name>p0000001050</name>
<type>WPT</type>
<sym>square</sym>
</rtept>
<rtept lat="10.1036807157" lon="126.6194130422">
<time>2023-02-03T14:30:00Z</time>
<name>p0000001051</name>
<type>WPT</type>
<sym>square</sym>
</rtept>
<rtept lat="10.1170816142" lon="126.6133905931">
<time>2023-02-03T14:35:00Z</time>
<name>p0000001052</name>
<type>WPT</type>
<sym>square</sym>
</rtept>
<rtept lat="10.1304908179" lon="126.6073638585">
<time>2023-02-03T14:40:00Z</time>
<name>p0000001053</name>
<type>WPT</type>
<sym>square</sym>
</rtept>
<rtept lat="10.1439096020" lon="126.6013322633">
<time>2023-02-03T14:45:00Z</time>
<name>p0000001054</name>
<type>WPT</type>
<sym>square</sym>
</rtept>
<rtept lat="10.1573393565" lon="126.5952951808">
<time>2023-02-03T14:50:00Z</time>
<name>p0000001055</name>
<type>WPT</type>
<sym>square</sym>
</rtept>
<rtept lat="10.1707815877" lon="126.5892519315">
<time>2023-02-03T14:55:00Z</time>
<name>p0000001056</name>
<type>WPT</type>
<sym>square</sym>
</rtept>
<rtept lat="10.1842379193" lon="126.5832017829">
<time>2023-02-03T15:00:00Z</time>
<name>p0000001057</name>
<type>WPT</type>
<sym>square</sym>
</rtept>
<rtept lat="10.1977000062" lon="126.5771484851">
<time>2023-02-03T15:05:00Z</time>
<name>p0000001058</name>
<type>WPT</type>
<sym>square</sym>
</rtept>
<rtept lat="10.2111632638" lon="126.5710940981">
<time>2023-02-03T15:10:00Z</time>
<name>p0000001059</name>
<type>WPT</type>
<sym>square</sym>
</rtept>
<rtept lat="10.2246284904" lon="126.5650382620">
<time>2023-02-03T15:15:00Z</time>
<name>p0000001060</name>
<type>WPT</type>
<sym>square</sym>
</rtept>
<rtept lat="10.2380964580" lon="126.5589806285">
<time>2023-02-03T15:20:00Z</time>
<name>p0000001061</name>
<type>WPT</type>
<sym>square</sym>
</rtept>
<rtept lat="10.2515679127" lon="126.5529208607">
<time>2023-02-03T15:25:00Z</time>
<name>p0000001062</name>
<type>WPT</type>
<sym>square</sym>
</rtept>
<rtept lat="10.2650436389" lon="126.5468586046">
<time>2023-02-03T15:30:00Z</time>
<name>p0000001063</name>
<type>WPT</type>
<sym>square</sym>
</rtept>
<rtept lat="10.2785245737" lon="126.5407934371">
<time>2023-02-03T15:35:00Z</time>
<name>p0000001064</name>
<type>WPT</type>
<sym>square</sym>
</rtept>
<rtept lat="10.2920109486" lon="126.5347252526">
<time>2023-02-03T15:40:00Z</time>
<name>p0000001065</name>
<type>WPT</type>
<sym>square</sym>
</rtept>
<rtept lat="10.3055029622" lon="126.5286539602">
<time>2023-02-03T15:45:00Z</time>
<name>p0000001066</name>
<type>WPT</type>
<sym>square</sym>
</rtept>
<rtept lat="10.3190007795" lon="126.5225794841">
<time>2023-02-03T15:50:00Z</time>
<name>p0000001067</name>
<type>WPT</type>
<sym>square</sym>
</rtept>
<rtept lat="10.3325045325" lon="126.5165017633">
<time>2023-02-03T15:55:00Z</time>
<name>p0000001068</name>
<type>WPT</type>
<sym>square</sym>
</rtept>
<rtept lat="10.3460143199" lon="126.5104207517">
<time>2023-02-03T16:00:00Z</time>
<name>p0000001069</name>
<type>WPT</type>
<sym>square</sym>
</rtept>
<rtept lat="10.3595302072" lon="126.5043364184">
<time>2023-02-03T16:05:00Z</time>
<name>p0000001070</name>
<type>WPT</type>
<sym>square</sym>
</rtept>
<rtept lat="10.3730522266" lon="126.4982487471">
<time>2023-02-03T16:10:00Z</time>
<name>p0000001071</name>
<type>WPT</type>
<sym>square</sym>
</rtept>
<rtept lat="10.3865791749" lon="126.4921582781">
<time>2023-02-03T16:15:00Z</time>
<name>p0000001072</name>
<type>WPT</type>
<sym>square</sym>
</rtept>
<rtept lat="10.4001082068" lon="126.4860662910">
<time>2023-02-03T16:20:00Z</time>
<name>p0000001073</name>
<type>WPT</type>
<sym>square</sym>
</rtept>
<rtept lat="10.4136395083" lon="126.4799727009">
<time>2023-02-03T16:25:00Z</time>
<name>p0000001074</name>
<type>WPT</type>
<sym>square</sym>
</rtept>
<rtept lat="10.4271732265" lon="126.4738774406">
<time>2023-02-03T16:30:00Z</time>
<name>p0000001075</name>
<type>WPT</type>
<sym>square</sym>
</rtept>
<rtept lat="10.4407094688" lon="126.4677804604">
<time>2023-02-03T16:35:00Z</time>
<name>p0000001076</name>
<type>WPT</type>
<sym>square</sym>
</rtept>
<rtept lat="10.4542483037" lon="126.4616817284">
<time>2023-02-03T16:40:00Z</time>
<name>p0000001077</name>
<type>WPT</type>
<sym>square</sym>
</rtept>
<rtept lat="10.4677897603" lon="126.4555812302">
<time>2023-02-03T16:45:00Z</time>
<name>p0000001078</name>
<type>WPT</type>
<sym>square</sym>
</rtept>
<rtept lat="10.4813338287" lon="126.4494789692">
<time>2023-02-03T16:50:00Z</time>
<name>p0000001079</name>
<type>WPT</type>
<sym>square</sym>
</rtept>
<rtept lat="10.4948804600" lon="126.4433749661">
<time>2023-02-03T16:55:00Z</time>
<name>p0000001080</name>
<type>WPT</type>
<sym>square</sym>
</rtept>
<rtept lat="10.5084295659" lon="126.4372692596">
<time>2023-02-03T17:00:00Z</time>
<name>p0000001081</name>
<type>WPT</type>
<sym>square</sym>
</rtept>
<rtept lat="10.5219770211" lon="126.4311637076">
<time>2023-02-03T17:05:00Z</time>
<name>p0000001082</name>
<type>WPT</type>
<sym>square</sym>
</rtept>
<rtept lat="10.5355204119" lon="126.4250593977">
<time>2023-02-03T17:10:00Z</time>
<name>p0000001083</name>
<type>WPT</type>
<sym>square</sym>
</rtept>
<rtept lat="10.5490598090" lon="126.4189562974">
<time>2023-02-03T17:15:00Z</time>
<name>p0000001084</name>
<type>WPT</type>
<sym>square</sym>
</rtept>
<rtept lat="10.5625953052" lon="126.4128543648">
<time>2023-02-03T17:20:00Z</time>
<name>p0000001085</name>
<type>WPT</type>
<sym>square</sym>
</rtept>
<rtept lat="10.5761270143" lon="126.4067535481">
<time>2023-02-03T17:25:00Z</time>
<name>p0000001086</name>
<type>WPT</type>
<sym>square</sym>
</rtept>
<rtept lat="10.5896550720" lon="126.4006537857">
<time>2023-02-03T17:30:00Z</time>
<name>p0000001087</name>
<type>WPT</type>
<sym>square</sym>
</rtept>
<rtept lat="10.6031796353" lon="126.3945550066">
<time>2023-02-03T17:35:00Z</time>
<name>p0000001088</name>
<type>WPT</type>
<sym>square</sym>
</rtept>
<rtept lat="10.6167008827" lon="126.3884571298">
<time>2023-02-03T17:40:00Z</time>
<name>p0000001089</name>
<type>WPT</type>
<sym>square</sym>
</rtept>
<rtept lat="10.6302190142" lon="126.3823600647">
<time>2023-02-03T17:45:00Z</time>
<name>p0000001090</name>
<type>WPT</type>
<sym>square</sym>
</rtept>
<rtept lat="10.6437342513" lon="126.3762637110">
<time>2023-02-03T17:50:00Z</time>
<name>p0000001091</name>
<type>WPT</type>
<sym>square</sym>
</rtept>
<rtept lat="10.6572468370" lon="126.3701679586">
<time>2023-02-03T17:55:00Z</time>
<name>p0000001092</name>
<type>WPT</type>
<sym>square</sym>
</rtept>
<rtept lat="10.6707570355" lon="126.3640726876">
<time>2023-02-03T18:00:00Z</time>
<name>p0000001093</name>
<type>WPT</type>
<sym>square</sym>
</rtept>
<rtept lat="10.6842727681" lon="126.3579743236">
<time>2023-02-03T18:05:00Z</time>
<name>p0000001094</name>
<type>WPT</type>
<sym>square</sym>
</rtept>
<rtept lat="10.6977934838" lon="126.3518731134">
<time>2023-02-03T18:10:00Z</time>
<name>p0000001095</name>
<type>WPT</type>
<sym>square</sym>
</rtept>
<rtept lat="10.7113186301" lon="126.3457693049">
<time>2023-02-03T18:15:00Z</time>
<name>p0000001096</name>
<type>WPT</type>
<sym>square</sym>
</rtept>
<rtept lat="10.7248476526" lon="126.3396631469">
<time>2023-02-03T18:20:00Z</time>
<name>p0000001097</name>
<type>WPT</type>
<sym>square</sym>
</rtept>
<rtept lat="10.7383799950" lon="126.3335548892">
<time>2023-02-03T18:25:00Z</time>
<name>p0000001098</name>
<type>WPT</type>
<sym>square</sym>
</rtept>
<rtept lat="10.7519150997" lon="126.3274447821">
<time>2023-02-03T18:30:00Z</time>
<name>p0000001099</name>
<type>WPT</type>
<sym>square</sym>
</rtept>
<rtept lat="10.7654515089" lon="126.3213334826">
<time>2023-02-03T18:35:00Z</time>
<name>p0000001100</name>
<type>WPT</type>
<sym>square</sym>
</rtept>
<rtept lat="10.7789838072" lon="126.3152234349">
<time>2023-02-03T18:40:00Z</time>
<name>p0000001101</name>
<type>WPT</type>
<sym>square</sym>
</rtept>
<rtept lat="10.7925125015" lon="126.3091144097">
<time>2023-02-03T18:45:00Z</time>
<name>p0000001102</name>
<type>WPT</type>
<sym>square</sym>
</rtept>
<rtept lat="10.8060381225" lon="126.3030061670">
<time>2023-02-03T18:50:00Z</time>
<name>p0000001103</name>
<type>WPT</type>
<sym>square</sym>
</rtept>
<rtept lat="10.8195612256" lon="126.2968984556">
<time>2023-02-03T18:55:00Z</time>
<name>p0000001104</name>
<type>WPT</type>
<sym>square</sym>
</rtept>
<rtept lat="10.8330823902" lon="126.2907910131">
<time>2023-02-03T19:00:00Z</time>
<name>p0000001105</name>
<type>WPT</type>
<sym>square</sym>
</rtept>
<rtept lat="10.8466022200" lon="126.2846835663">
<time>2023-02-03T19:05:00Z</time>
<name>p0000001106</name>
<type>WPT</type>
<sym>square</sym>
</rtept>
<rtept lat="10.8601213431" lon="126.2785758306">
<time>2023-02-03T19:10:00Z</time>
<name>p0000001107</name>
<type>WPT</type>
<sym>square</sym>
</rtept>
<rtept lat="10.8736404119" lon="126.2724675107">
<time>2023-02-03T19:15:00Z</time>
<name>p0000001108</name>
<type>WPT</type>
<sym>square</sym>
</rtept>
<rtept lat="10.8871601032" lon="126.2663582997">
<time>2023-02-03T19:20:00Z</time>
<name>p0000001109</name>
<type>WPT</type>
<sym>square</sym>
</rtept>
<rtept lat="10.9006811182" lon="126.2602478797">
<time>2023-02-03T19:25:00Z</time>
<name>p0000001110</name>
<type>WPT</type>
<sym>square</sym>
</rtept>
<rtept lat="10.9142041829" lon="126.2541359218">
<time>2023-02-03T19:30:00Z</time>
<name>p0000001111</name>
<type>WPT</type>
<sym>square</sym>
</rtept>
<rtept lat="10.9277300474" lon="126.2480220856">
<time>2023-02-03T19:35:00Z</time>
<name>p0000001112</name>
<type>WPT</type>
<sym>square</sym>
</rtept>
<rtept lat="10.9412611762" lon="126.2419052558">
<time>2023-02-03T19:40:00Z</time>
<name>p0000001113</name>
<type>WPT</type>
<sym>square</sym>
</rtept>
<rtept lat="10.9548019964" lon="126.2357834293">
<time>2023-02-03T19:45:00Z</time>
<name>p0000001114</name>
<type>WPT</type>
<sym>square</sym>
</rtept>
<rtept lat="10.9683534342" lon="126.2296561849">
<time>2023-02-03T19:50:00Z</time>
<name>p0000001115</name>
<type>WPT</type>
<sym>square</sym>
</rtept>
<rtept lat="10.9819163892" lon="126.2235231138">
<time>2023-02-03T19:55:00Z</time>
<name>p0000001116</name>
<type>WPT</type>
<sym>square</sym>
</rtept>
<rtept lat="10.9954917340" lon="126.2173838187">
<time>2023-02-03T20:00:00Z</time>
<name>p0000001117</name>
<type>WPT</type>
<sym>square</sym>
</rtept>
<rtept lat="11.0090803144" lon="126.2112379145">
<time>2023-02-03T20:05:00Z</time>
<name>p0000001118</name>
<type>WPT</type>
<sym>square</sym>
</rtept>
<rtept lat="11.0226829638" lon="126.2050850216">
<time>2023-02-03T20:10:00Z</time>
<name>p0000001119</name>
<type>WPT</type>
<sym>square</sym>
</rtept>
<rtept lat="11.0362995708" lon="126.1989251874">
<time>2023-02-03T20:15:00Z</time>
<name>p0000001120</name>
<type>WPT</type>
<sym>square</sym>
</rtept>
<rtept lat="11.0499298372" lon="126.1927585442">
<time>2023-02-03T20:20:00Z</time>
<name>p0000001121</name>
<type>WPT</type>
<sym>square</sym>
</rtept>
<rtept lat="11.0635734687" lon="126.1865852222">
<time>2023-02-03T20:25:00Z</time>
<name>p0000001122</name>
<type>WPT</type>
<sym>square</sym>
</rtept>
<rtept lat="11.0772301755" lon="126.1804053498">
<time>2023-02-03T20:30:00Z</time>
<name>p0000001123</name>
<type>WPT</type>
<sym>square</sym>
</rtept>
<rtept lat="11.0908996722" lon="126.1742190535">
<time>2023-02-03T20:35:00Z</time>
<name>p0000001124</name>
<type>WPT</type>
<sym>square</sym>
</rtept>
<rtept lat="11.1045816776" lon="126.1680264578">
<time>2023-02-03T20:40:00Z</time>
<name>p0000001125</name>
<type>WPT</type>
<sym>square</sym>
</rtept>
<rtept lat="11.1182759148" lon="126.1618276855">
<time>2023-02-03T20:45:00Z</time>
<name>p0000001126</name>
<type>WPT</type>
<sym>square</sym>
</rtept>
<rtept lat="11.1319821116" lon="126.1556228572">
<time>2023-02-03T20:50:00Z</time>
<name>p0000001127</name>
<type>WPT</type>
<sym>square</sym>
</rtept>
<rtept lat="11.1456945071" lon="126.1494145785">
<time>2023-02-03T20:55:00Z</time>
<name>p0000001128</name>
<type>WPT</type>
<sym>square</sym>
</rtept>
<rtept lat="11.1594131834" lon="126.1432028105">
<time>2023-02-03T21:00:00Z</time>
<name>p0000001129</name>
<type>WPT</type>
<sym>square</sym>
</rtept>
<rtept lat="11.1731356614" lon="126.1369886740">
<time>2023-02-03T21:05:00Z</time>
<name>p0000001130</name>
<type>WPT</type>
<sym>square</sym>
</rtept>
<rtept lat="11.1868618505" lon="126.1307722086">
<time>2023-02-03T21:10:00Z</time>
<name>p0000001131</name>
<type>WPT</type>
<sym>square</sym>
</rtept>
<rtept lat="11.2005916510" lon="126.1245534581">
<time>2023-02-03T21:15:00Z</time>
<name>p0000001132</name>
<type>WPT</type>
<sym>square</sym>
</rtept>
<rtept lat="11.2143249545" lon="126.1183324700">
<time>2023-02-03T21:20:00Z</time>
<name>p0000001133</name>
<type>WPT</type>
<sym>square</sym>
</rtept>
<rtept lat="11.2280616437" lon="126.1121092961">
<time>2023-02-03T21:25:00Z</time>
<name>p0000001134</name>
<type>WPT</type>
<sym>square</sym>
</rtept>
<rtept lat="11.2418015924" lon="126.1058839922">
<time>2023-02-03T21:30:00Z</time>
<name>p0000001135</name>
<type>WPT</type>
<sym>square</sym>
</rtept>
<rtept lat="11.2555446655" lon="126.0996566181">
<time>2023-02-03T21:35:00Z</time>
<name>p0000001136</name>
<type>WPT</type>
<sym>square</sym>
</rtept>
<rtept lat="11.2692903067" lon="126.0934274245">
<time>2023-02-03T21:40:00Z</time>
<name>p0000001137</name>
<type>WPT</type>
<sym>square</sym>
</rtept>
<rtept lat="11.2830376631" lon="126.0871967966">
<time>2023-02-03T21:45:00Z</time>
<name>p0000001138</name>
<type>WPT</type>
<sym>square</sym>
</rtept>
<rtept lat="11.2967864460" lon="126.0809648642">
<time>2023-02-03T21:50:00Z</time>
<name>p0000001139</name>
<type>WPT</type>
<sym>square</sym>
</rtept>
<rtept lat="11.3105363586" lon="126.0747317606">
<time>2023-02-03T21:55:00Z</time>
<name>p0000001140</name>
<type>WPT</type>
<sym>square</sym>
</rtept>
<rtept lat="11.3242870958" lon="126.0684976232">
<time>2023-02-03T22:00:00Z</time>
<name>p0000001141</name>
<type>WPT</type>
<sym>square</sym>
</rtept>
<rtept lat="11.3380383423" lon="126.0622625936">
<time>2023-02-03T22:05:00Z</time>
<name>p0000001142</name>
<type>WPT</type>
<sym>square</sym>
</rtept>
<rtept lat="11.3517897720" lon="126.0560268189">
<time>2023-02-03T22:10:00Z</time>
<name>p0000001143</name>
<type>WPT</type>
<sym>square</sym>
</rtept>
<rtept lat="11.3655410458" lon="126.0497904518">
<time>2023-02-03T22:15:00Z</time>
<name>p0000001144</name>
<type>WPT</type>
<sym>square</sym>
</rtept>
<rtept lat="11.3792918099" lon="126.0435536520">
<time>2023-02-03T22:20:00Z</time>
<name>p0000001145</name>
<type>WPT</type>
<sym>square</sym>
</rtept>
<rtept lat="11.3930416931" lon="126.0373165868">
<time>2023-02-03T22:25:00Z</time>
<name>p0000001146</name>
<type>WPT</type>
<sym>square</sym>
</rtept>
<rtept lat="11.4067903049" lon="126.0310794326">
<time>2023-02-03T22:30:00Z</time>
<name>p0000001147</name>
<type>WPT</type>
<sym>square</sym>
</rtept>
<rtept lat="11.4205372320" lon="126.0248423762">
<time>2023-02-03T22:35:00Z</time>
<name>p0000001148</name>
<type>WPT</type>
<sym>square</sym>
</rtept>
<rtept lat="11.4342820357" lon="126.0186056159">
<time>2023-02-03T22:40:00Z</time>
<name>p0000001149</name>
<type>WPT</type>
<sym>square</sym>
</rtept>
<rtept lat="11.4480242477" lon="126.0123693636">
<time>2023-02-03T22:45:00Z</time>
<name>p0000001150</name>
<type>WPT</type>
<sym>square</sym>
</rtept>
<rtept lat="11.4617633669" lon="126.0061338461">
<time>2023-02-03T22:50:00Z</time>
<name>p0000001151</name>
<type>WPT</type>
<sym>square</sym>
</rtept>
<rtept lat="11.4754988547" lon="125.9998993075">
<time>2023-02-03T22:55:00Z</time>
<name>p0000001152</name>
<type>WPT</type>
<sym>square</sym>
</rtept>
<rtept lat="11.4892301511" lon="125.9936660014">
<time>2023-02-03T23:00:00Z</time>
<name>p0000001153</name>
<type>WPT</type>
<sym>square</sym>
</rtept>
<rtept lat="11.5029582553" lon="125.9874334738">
<time>2023-02-03T23:05:00Z</time>
<name>p0000001154</name>
<type>WPT</type>
<sym>square</sym>
</rtept>
<rtept lat="11.5166835049" lon="125.9812015711">
<time>2023-02-03T23:10:00Z</time>
<name>p0000001155</name>
<type>WPT</type>
<sym>square</sym>
</rtept>
<rtept lat="11.5304062883" lon="125.9749701162">
<time>2023-02-03T23:15:00Z</time>
<name>p0000001156</name>
<type>WPT</type>
<sym>square</sym>
</rtept>
<rtept lat="11.5441259951" lon="125.9687393857">
<time>2023-02-03T23:20:00Z</time>
<name>p0000001157</name>
<type>WPT</type>
<sym>square</sym>
</rtept>
<rtept lat="11.5578419790" lon="125.9625096727">
<time>2023-02-03T23:25:00Z</time>
<name>p0000001158</name>
<type>WPT</type>
<sym>square</sym>
</rtept>
<rtept lat="11.5715535538" lon="125.9562812885">
<time>2023-02-03T23:30:00Z</time>
<name>p0000001159</name>
<type>WPT</type>
<sym>square</sym>
</rtept>
<rtept lat="11.5852599894" lon="125.9500545644">
<time>2023-02-03T23:35:00Z</time>
<name>p0000001160</name>
<type>WPT</type>
<sym>square</sym>
</rtept>
<rtept lat="11.5989605071" lon="125.9438298539">
<time>2023-02-03T23:40:00Z</time>
<name>p0000001161</name>
<type>WPT</type>
<sym>square</sym>
</rtept>
<rtept lat="11.6126542753" lon="125.9376075348">
<time>2023-02-03T23:45:00Z</time>
<name>p0000001162</name>
<type>WPT</type>
<sym>square</sym>
</rtept>
<rtept lat="11.6263404050" lon="125.9313880112">
<time>2023-02-03T23:50:00Z</time>
<name>p0000001163</name>
<type>WPT</type>
<sym>square</sym>
</rtept>
<rtept lat="11.6400179445" lon="125.9251717157">
<time>2023-02-03T23:55:00Z</time>
<name>p0000001164</name>
<type>WPT</type>
<sym>square</sym>
</rtept>
<rtept lat="11.6536858746" lon="125.9189591118">
<time>2023-02-04T00:00:00Z</time>
<name>p0000001165</name>
<type>WPT</type>
<sym>square</sym>
</rtept>
<rtept lat="11.6673424149" lon="125.9127510095">
<time>2023-02-04T00:05:00Z</time>
<name>p0000001166</name>
<type>WPT</type>
<sym>square</sym>
</rtept>
<rtept lat="11.6809867156" lon="125.9065477955">
<time>2023-02-04T00:10:00Z</time>
<name>p0000001167</name>
<type>WPT</type>
<sym>square</sym>
</rtept>
<rtept lat="11.6946179239" lon="125.9003498586">
<time>2023-02-04T00:15:00Z</time>
<name>p0000001168</name>
<type>WPT</type>
<sym>square</sym>
</rtept>
<rtept lat="11.7082351837" lon="125.8941575891">
<time>2023-02-04T00:20:00Z</time>
<name>p0000001169</name>
<type>WPT</type>
<sym>square</sym>
</rtept>
<rtept lat="11.7218376350" lon="125.8879713790">
<time>2023-02-04T00:25:00Z</time>
<name>p0000001170</name>
<type>WPT</type>
<sym>square</sym>
</rtept>
<rtept lat="11.7354244138" lon="125.8817916225">
<time>2023-02-04T00:30:00Z</time>
<name>p0000001171</name>
<type>WPT</type>
<sym>square</sym>
</rtept>
<rtept lat="11.7489946514" lon="125.8756187161">
<time>2023-02-04T00:35:00Z</time>
<name>p0000001172</name>
<type>WPT</type>
<sym>square</sym>
</rtept>
<rtept lat="11.7625474736" lon="125.8694530589">
<time>2023-02-04T00:40:00Z</time>
<name>p0000001173</name>
<type>WPT</type>
<sym>square</sym>
</rtept>
<rtept lat="11.7760909717" lon="125.8632909711">
<time>2023-02-04T00:45:00Z</time>
<name>p0000001174</name>
<type>WPT</type>
<sym>square</sym>
</rtept>
<rtept lat="11.7896255445" lon="125.8571322713">
<time>2023-02-04T00:50:00Z</time>
<name>p0000001175</name>
<type>WPT</type>
<sym>square</sym>
</rtept>
<rtept lat="11.8031523835" lon="125.8509764177">
<time>2023-02-04T00:55:00Z</time>
<name>p0000001176</name>
<type>WPT</type>
<sym>square</sym>
</rtept>
<rtept lat="11.8166722125" lon="125.8448230808">
<time>2023-02-04T01:00:00Z</time>
<name>p0000001177</name>
<type>WPT</type>
<sym>square</sym>
</rtept>
<rtept lat="11.8301848414" lon="125.8386723472">
<time>2023-02-04T01:05:00Z</time>
<name>p0000001178</name>
<type>WPT</type>
<sym>square</sym>
</rtept>
<rtept lat="11.8436900896" lon="125.8325242990">
<time>2023-02-04T01:10:00Z</time>
<name>p0000001179</name>
<type>WPT</type>
<sym>square</sym>
</rtept>
<rtept lat="11.8571877856" lon="125.8263790143">
<time>2023-02-04T01:15:00Z</time>
<name>p0000001180</name>
<type>WPT</type>
<sym>square</sym>
</rtept>
<rtept lat="11.8706777666" lon="125.8202365673">
<time>2023-02-04T01:20:00Z</time>
<name>p0000001181</name>
<type>WPT</type>
<sym>square</sym>
</rtept>
<rtept lat="11.8841598776" lon="125.8140970284">
<time>2023-02-04T01:25:00Z</time>
<name>p0000001182</name>
<type>WPT</type>
<sym>square</sym>
</rtept>
<rtept lat="11.8976339711" lon="125.8079604648">
<time>2023-02-04T01:30:00Z</time>
<name>p0000001183</name>
<type>WPT</type>
<sym>square</sym>
</rtept>
<rtept lat="11.9110999064" lon="125.8018269406">
<time>2023-02-04T01:35:00Z</time>
<name>p0000001184</name>
<type>WPT</type>
<sym>square</sym>
</rtept>
<rtept lat="11.9245575497" lon="125.7956965168">
<time>2023-02-04T01:40:00Z</time>
<name>p0000001185</name>
<type>WPT</type>
<sym>square</sym>
</rtept>
<rtept lat="11.9380067730" lon="125.7895692515">
<time>2023-02-04T01:45:00Z</time>
<name>p0000001186</name>
<type>WPT</type>
<sym>square</sym>
</rtept>
<rtept lat="11.9514474545" lon="125.7834452002">
<time>2023-02-04T01:50:00Z</time>
<name>p0000001187</name>
<type>WPT</type>
<sym>square</sym>
</rtept>
<rtept lat="11.9648794783" lon="125.7773244157">
<time>2023-02-04T01:55:00Z</time>
<name>p0000001188</name>
<type>WPT</type>
<sym>square</sym>
</rtept>
<rtept lat="11.9783099060" lon="125.7712036794">
<time>2023-02-04T02:00:00Z</time>
<name>p0000001189</name>
<type>WPT</type>
<sym>square</sym>
</rtept>
<rtept lat="11.9917409536" lon="125.7650819800">
<time>2023-02-04T02:05:00Z</time>
<name>p0000001190</name>
<type>WPT</type>
<sym>square</sym>
</rtept>
<rtept lat="12.0051727579" lon="125.7589592534">
<time>2023-02-04T02:10:00Z</time>
<name>p0000001191</name>
<type>WPT</type>
<sym>square</sym>
</rtept>
<rtept lat="12.0186052412" lon="125.7528355333">
<time>2023-02-04T02:15:00Z</time>
<name>p0000001192</name>
<type>WPT</type>
<sym>square</sym>
</rtept>
<rtept lat="12.0320380306" lon="125.7467109875">
<time>2023-02-04T02:20:00Z</time>
<name>p0000001193</name>
<type>WPT</type>
<sym>square</sym>
</rtept>
<rtept lat="12.0454750393" lon="125.7405838296">
<time>2023-02-04T02:25:00Z</time>
<name>p0000001194</name>
<type>WPT</type>
<sym>square</sym>
</rtept>
<rtept lat="12.0589204008" lon="125.7344521716">
<time>2023-02-04T02:30:00Z</time>
<name>p0000001195</name>
<type>WPT</type>
<sym>square</sym>
</rtept>
<rtept lat="12.0723752531" lon="125.7283154904">
<time>2023-02-04T02:35:00Z</time>
<name>p0000001196</name>
<type>WPT</type>
<sym>square</sym>
</rtept>
<rtept lat="12.0858410398" lon="125.7221731232">
<time>2023-02-04T02:40:00Z</time>
<name>p0000001197</name>
<type>WPT</type>
<sym>square</sym>
</rtept>
<rtept lat="12.0993195272" lon="125.7160242589">
<time>2023-02-04T02:45:00Z</time>
<name>p0000001198</name>
<type>WPT</type>
<sym>square</sym>
</rtept>
<rtept lat="12.1128128216" lon="125.7098679302">
<time>2023-02-04T02:50:00Z</time>
<name>p0000001199</name>
<type>WPT</type>
<sym>square</sym>
</rtept>
<rtept lat="12.1263233891" lon="125.7037030039">
<time>2023-02-04T02:55:00Z</time>
<name>p0000001200</name>
<type>WPT</type>
<sym>square</sym>
</rtept>
<rtept lat="12.1398540778" lon="125.6975281700">
<time>2023-02-04T03:00:00Z</time>
<name>p0000001201</name>
<type>WPT</type>
<sym>square</sym>
</rtept>
<rtept lat="12.1534010047" lon="125.6913451867">
<time>2023-02-04T03:05:00Z</time>
<name>p0000001202</name>
<type>WPT</type>
<sym>square</sym>
</rtept>
<rtept lat="12.1669651046" lon="125.6851536068">
<time>2023-02-04T03:10:00Z</time>
<name>p0000001203</name>
<type>WPT</type>
<sym>square</sym>
</rtept>
<rtept lat="12.1805473942" lon="125.6789529272">
<time>2023-02-04T03:15:00Z</time>
<name>p0000001204</name>
<type>WPT</type>
<sym>square</sym>
</rtept>
<rtept lat="12.1919195344" lon="125.6670965835">
<time>2023-02-04T03:20:00Z</time>
<name>p0000001205</name>
<type>WPT</type>
<sym>square</sym>
</rtept>
<rtept lat="12.2033395993" lon="125.6551887106">
<time>2023-02-04T03:25:00Z</time>
<name>p0000001206</name>
<type>WPT</type>
<sym>square</sym>
</rtept>
<rtept lat="12.2148090102" lon="125.6432278044">
<time>2023-02-04T03:30:00Z</time>
<name>p0000001207</name>
<type>WPT</type>
<sym>square</sym>
</rtept>
<rtept lat="12.2263290368" lon="125.6312125178">
<time>2023-02-04T03:35:00Z</time>
<name>p0000001208</name>
<type>WPT</type>
<sym>square</sym>
</rtept>
<rtept lat="12.2377696066" lon="125.6192785130">
<time>2023-02-04T03:40:00Z</time>
<name>p0000001209</name>
<type>WPT</type>
<sym>square</sym>
</rtept>
<rtept lat="12.2491197408" lon="125.6074372751">
<time>2023-02-04T03:45:00Z</time>
<name>p0000001210</name>
<type>WPT</type>
<sym>square</sym>
</rtept>
<rtept lat="12.2603797789" lon="125.5956884852">
<time>2023-02-04T03:50:00Z</time>
<name>p0000001211</name>
<type>WPT</type>
<sym>square</sym>
</rtept>
<rtept lat="12.2715858171" lon="125.5839945095">
<time>2023-02-04T03:55:00Z</time>
<name>p0000001212</name>
<type>WPT</type>
<sym>square</sym>
</rtept>
<rtept lat="12.2827482198" lon="125.5723445507">
<time>2023-02-04T04:00:00Z</time>
<name>p0000001213</name>
<type>WPT</type>
<sym>square</sym>
</rtept>
<rtept lat="12.2938744397" lon="125.5607308451">
<time>2023-02-04T04:05:00Z</time>
<name>p0000001214</name>
<type>WPT</type>
<sym>square</sym>
</rtept>
<rtept lat="12.3049717704" lon="125.5491457912">
<time>2023-02-04T04:10:00Z</time>
<name>p0000001215</name>
<type>WPT</type>
<sym>square</sym>
</rtept>
<rtept lat="12.3160473303" lon="125.5375819661">
<time>2023-02-04T04:15:00Z</time>
<name>p0000001216</name>
<type>WPT</type>
<sym>square</sym>
</rtept>
<rtept lat="12.3271079328" lon="125.5260322620">
<time>2023-02-04T04:20:00Z</time>
<name>p0000001217</name>
<type>WPT</type>
<sym>square</sym>
</rtept>
<rtept lat="12.3381605003" lon="125.5144894530">
<time>2023-02-04T04:25:00Z</time>
<name>p0000001218</name>
<type>WPT</type>
<sym>square</sym>
</rtept>
<rtept lat="12.3492118801" lon="125.5029463884">
<time>2023-02-04T04:30:00Z</time>
<name>p0000001219</name>
<type>WPT</type>
<sym>square</sym>
</rtept>
<rtept lat="12.3602688601" lon="125.4913959753">
<time>2023-02-04T04:35:00Z</time>
<name>p0000001220</name>
<type>WPT</type>
<sym>square</sym>
</rtept>
<rtept lat="12.3712886529" lon="125.4798829129">
<time>2023-02-04T04:40:00Z</time>
<name>p0000001221</name>
<type>WPT</type>
<sym>square</sym>
</rtept>
<rtept lat="12.3822556537" lon="125.4684235199">
<time>2023-02-04T04:45:00Z</time>
<name>p0000001222</name>
<type>WPT</type>
<sym>square</sym>
</rtept>
<rtept lat="12.3931704038" lon="125.4570172499">
<time>2023-02-04T04:50:00Z</time>
<name>p0000001223</name>
<type>WPT</type>
<sym>square</sym>
</rtept>
<rtept lat="12.4040333645" lon="125.4456636397">
<time>2023-02-04T04:55:00Z</time>
<name>p0000001224</name>
<type>WPT</type>
<sym>square</sym>
</rtept>
<rtept lat="12.4148449193" lon="125.4343623069">
<time>2023-02-04T05:00:00Z</time>
<name>p0000001225</name>
<type>WPT</type>
<sym>square</sym>
</rtept>
<rtept lat="12.4256053757" lon="125.4231129487">
<time>2023-02-04T05:05:00Z</time>
<name>p0000001226</name>
<type>WPT</type>
<sym>square</sym>
</rtept>
<rtept lat="12.4363149668" lon="125.4119153395">
<time>2023-02-04T05:10:00Z</time>
<name>p0000001227</name>
<type>WPT</type>
<sym>square</sym>
</rtept>
<rtept lat="12.4469738535" lon="125.4007693291">
<time>2023-02-04T05:15:00Z</time>
<name>p0000001228</name>
<type>WPT</type>
<sym>square</sym>
</rtept>
<rtept lat="12.4575821262" lon="125.3896748407">
<time>2023-02-04T05:20:00Z</time>
<name>p0000001229</name>
<type>WPT</type>
<sym>square</sym>
</rtept>
<rtept lat="12.4681398067" lon="125.3786318695">
<time>2023-02-04T05:25:00Z</time>
<name>p0000001230</name>
<type>WPT</type>
<sym>square</sym>
</rtept>
<rtept lat="12.4786468501" lon="125.3676404799">
<time>2023-02-04T05:30:00Z</time>
<name>p0000001231</name>
<type>WPT</type>
<sym>square</sym>
</rtept>
<rtept lat="12.4891031467" lon="125.3567008043">
<time>2023-02-04T05:35:00Z</time>
<name>p0000001232</name>
<type>WPT</type>
<sym>square</sym>
</rtept>
<rtept lat="12.4995085237" lon="125.3458130408">
<time>2023-02-04T05:40:00Z</time>
<name>p0000001233</name>
<type>WPT</type>
<sym>square</sym>
</rtept>
<rtept lat="12.5098627476" lon="125.3349774512">
<time>2023-02-04T05:45:00Z</time>
<name>p0000001234</name>
<type>WPT</type>
<sym>square</sym>
</rtept>
<rtept lat="12.5201667530" lon="125.3241930746">
<time>2023-02-04T05:50:00Z</time>
<name>p0000001235</name>
<type>WPT</type>
<sym>square</sym>
</rtept>
<rtept lat="12.5304291717" lon="125.3134508924">
<time>2023-02-04T05:55:00Z</time>
<name>p0000001236</name>
<type>WPT</type>
<sym>square</sym>
</rtept>
<rtept lat="12.5406585781" lon="125.3027419411">
<time>2023-02-04T06:00:00Z</time>
<name>p0000001237</name>
<type>WPT</type>
<sym>square</sym>
</rtept>
<rtept lat="12.5508754326" lon="125.2920448077">
<time>2023-02-04T06:05:00Z</time>
<name>p0000001238</name>
<type>WPT</type>
<sym>square</sym>
</rtept>
<rtept lat="12.5610864926" lon="125.2813524174">
<time>2023-02-04T06:10:00Z</time>
<name>p0000001239</name>
<type>WPT</type>
<sym>square</sym>
</rtept>
<rtept lat="12.5712980705" lon="125.2706581578">
<time>2023-02-04T06:15:00Z</time>
<name>p0000001240</name>
<type>WPT</type>
<sym>square</sym>
</rtept>
<rtept lat="12.5815160537" lon="125.2599558577">
<time>2023-02-04T06:20:00Z</time>
<name>p0000001241</name>
<type>WPT</type>
<sym>square</sym>
</rtept>
<rtept lat="12.5917459218" lon="125.2492397697">
<time>2023-02-04T06:25:00Z</time>
<name>p0000001242</name>
<type>WPT</type>
<sym>square</sym>
</rtept>
<rtept lat="12.6019947711" lon="125.2385024484">
<time>2023-02-04T06:30:00Z</time>
<name>p0000001243</name>
<type>WPT</type>
<sym>square</sym>
</rtept>
<rtept lat="12.6122907383" lon="125.2277143974">
<time>2023-02-04T06:35:00Z</time>
<name>p0000001244</name>
<type>WPT</type>
<sym>square</sym>
</rtept>
<rtept lat="12.6226331735" lon="125.2168762705">
<time>2023-02-04T06:40:00Z</time>
<name>p0000001245</name>
<type>WPT</type>
<sym>square</sym>
</rtept>
<rtept lat="12.6330212308" lon="125.2059889242">
<time>2023-02-04T06:45:00Z</time>
<name>p0000001246</name>
<type>WPT</type>
<sym>square</sym>
</rtept>
<rtept lat="12.6434540493" lon="125.1950532277">
<time>2023-02-04T06:50:00Z</time>
<name>p0000001247</name>
<type>WPT</type>
<sym>square</sym>
</rtept>
<rtept lat="12.6539307593" lon="125.1840700529">
<time>2023-02-04T06:55:00Z</time>
<name>p0000001248</name>
<type>WPT</type>
<sym>square</sym>
</rtept>
<rtept lat="12.6644504764" lon="125.1730402755">
<time>2023-02-04T07:00:00Z</time>
<name>p0000001249</name>
<type>WPT</type>
<sym>square</sym>
</rtept>
<rtept lat="12.6750122911" lon="125.1619647702">
<time>2023-02-04T07:05:00Z</time>
<name>p0000001250</name>
<type>WPT</type>
<sym>square</sym>
</rtept>
<rtept lat="12.6856152418" lon="125.1508443781">
<time>2023-02-04T07:10:00Z</time>
<name>p0000001251</name>
<type>WPT</type>
<sym>square</sym>
</rtept>
<rtept lat="12.6871027952" lon="125.1351941665">
<time>2023-02-04T07:15:00Z</time>
<name>p0000001252</name>
<type>WPT</type>
<sym>square</sym>
</rtept>
<rtept lat="12.6885811315" lon="125.1196310214">
<time>2023-02-04T07:20:00Z</time>
<name>p0000001253</name>
<type>WPT</type>
<sym>square</sym>
</rtept>
<rtept lat="12.6900497579" lon="125.1041602954">
<time>2023-02-04T07:25:00Z</time>
<name>p0000001254</name>
<type>WPT</type>
<sym>square</sym>
</rtept>
<rtept lat="12.6915081829" lon="125.0887873395">
<time>2023-02-04T07:30:00Z</time>
<name>p0000001255</name>
<type>WPT</type>
<sym>square</sym>
</rtept>
<rtept lat="12.6929559158" lon="125.0735175103">
<time>2023-02-04T07:35:00Z</time>
<name>p0000001256</name>
<type>WPT</type>
<sym>square</sym>
</rtept>
<rtept lat="12.6943925066" lon="125.0583557446">
<time>2023-02-04T07:40:00Z</time>
<name>p0000001257</name>
<type>WPT</type>
<sym>square</sym>
</rtept>
<rtept lat="12.6958174917" lon="125.0433071362">
<time>2023-02-04T07:45:00Z</time>
<name>p0000001258</name>
<type>WPT</type>
<sym>square</sym>
</rtept>
<rtept lat="12.6972303804" lon="125.0283770747">
<time>2023-02-04T07:50:00Z</time>
<name>p0000001259</name>
<type>WPT</type>
<sym>square</sym>
</rtept>
<rtept lat="12.6986306791" lon="125.0135709940">
<time>2023-02-04T07:55:00Z</time>
<name>p0000001260</name>
<type>WPT</type>
<sym>square</sym>
</rtept>
<rtept lat="12.7000178900" lon="124.9988943816">
<time>2023-02-04T08:00:00Z</time>
<name>p0000001261</name>
<type>WPT</type>
<sym>square</sym>
</rtept>
<rtept lat="12.7013925884" lon="124.9843413780">
<time>2023-02-04T08:05:00Z</time>
<name>p0000001262</name>
<type>WPT</type>
<sym>square</sym>
</rtept>
<rtept lat="12.7027677032" lon="124.9697752461">
<time>2023-02-04T08:10:00Z</time>
<name>p0000001263</name>
<type>WPT</type>
<sym>square</sym>
</rtept>
<rtept lat="12.7041432860" lon="124.9551954117">
<time>2023-02-04T08:15:00Z</time>
<name>p0000001264</name>
<type>WPT</type>
<sym>square</sym>
</rtept>
<rtept lat="12.7055193923" lon="124.9406012518">
<time>2023-02-04T08:20:00Z</time>
<name>p0000001265</name>
<type>WPT</type>
<sym>square</sym>
</rtept>
<rtept lat="12.7068960821" lon="124.9259920952">
<time>2023-02-04T08:25:00Z</time>
<name>p0000001266</name>
<type>WPT</type>
<sym>square</sym>
</rtept>
<rtept lat="12.7082734197" lon="124.9113672236">
<time>2023-02-04T08:30:00Z</time>
<name>p0000001267</name>
<type>WPT</type>
<sym>square</sym>
</rtept>
<rtept lat="12.7096514735" lon="124.8967258717">
<time>2023-02-04T08:35:00Z</time>
<name>p0000001268</name>
<type>WPT</type>
<sym>square</sym>
</rtept>
<rtept lat="12.7110303160" lon="124.8820672283">
<time>2023-02-04T08:40:00Z</time>
<name>p0000001269</name>
<type>WPT</type>
<sym>square</sym>
</rtept>
<rtept lat="12.7124100235" lon="124.8673904369">
<time>2023-02-04T08:45:00Z</time>
<name>p0000001270</name>
<type>WPT</type>
<sym>square</sym>
</rtept>
<rtept lat="12.7137906763" lon="124.8526945966">
<time>2023-02-04T08:50:00Z</time>
<name>p0000001271</name>
<type>WPT</type>
<sym>square</sym>
</rtept>
<rtept lat="12.7151723584" lon="124.8379787631">
<time>2023-02-04T08:55:00Z</time>
<name>p0000001272</name>
<type>WPT</type>
<sym>square</sym>
</rtept>
<rtept lat="12.7165551573" lon="124.8232419497">
<time>2023-02-04T09:00:00Z</time>
<name>p0000001273</name>
<type>WPT</type>
<sym>square</sym>
</rtept>
<rtept lat="12.7179450373" lon="124.8084204961">
<time>2023-02-04T09:05:00Z</time>
<name>p0000001274</name>
<type>WPT</type>
<sym>square</sym>
</rtept>
<rtept lat="12.7193419498" lon="124.7935147411">
<time>2023-02-04T09:10:00Z</time>
<name>p0000001275</name>
<type>WPT</type>
<sym>square</sym>
</rtept>
<rtept lat="12.7207458432" lon="124.7785250473">
<time>2023-02-04T09:15:00Z</time>
<name>p0000001276</name>
<type>WPT</type>
<sym>square</sym>
</rtept>
<rtept lat="12.7221566636" lon="124.7634518008">
<time>2023-02-04T09:20:00Z</time>
<name>p0000001277</name>
<type>WPT</type>
<sym>square</sym>
</rtept>
<rtept lat="12.7235743538" lon="124.7482954118">
<time>2023-02-04T09:25:00Z</time>
<name>p0000001278</name>
<type>WPT</type>
<sym>square</sym>
</rtept>
<rtept lat="12.7249988539" lon="124.7330563145">
<time>2023-02-04T09:30:00Z</time>
<name>p0000001279</name>
<type>WPT</type>
<sym>square</sym>
</rtept>
<rtept lat="12.7264301004" lon="124.7177349675">
<time>2023-02-04T09:35:00Z</time>
<name>p0000001280</name>
<type>WPT</type>
<sym>square</sym>
</rtept>
<rtept lat="12.7278680625" lon="124.7023314627">
<time>2023-02-04T09:40:00Z</time>
<name>p0000001281</name>
<type>WPT</type>
<sym>square</sym>
</rtept>
<rtept lat="12.7293126955" lon="124.6868460144">
<time>2023-02-04T09:45:00Z</time>
<name>p0000001282</name>
<type>WPT</type>
<sym>square</sym>
</rtept>
<rtept lat="12.7307639224" lon="124.6712791464">
<time>2023-02-04T09:50:00Z</time>
<name>p0000001283</name>
<type>WPT</type>
<sym>square</sym>
</rtept>
<rtept lat="12.7322216579" lon="124.6556314090">
<time>2023-02-04T09:55:00Z</time>
<name>p0000001284</name>
<type>WPT</type>
<sym>square</sym>
</rtept>
<rtept lat="12.7336858031" lon="124.6399033798">
<time>2023-02-04T10:00:00Z</time>
<name>p0000001285</name>
<type>WPT</type>
<sym>square</sym>
</rtept>
<rtept lat="12.7351562328" lon="124.6240956673">
<time>2023-02-04T10:05:00Z</time>
<name>p0000001286</name>
<type>WPT</type>
<sym>square</sym>
</rtept>
<rtept lat="12.7366327484" lon="124.6082089218">
<time>2023-02-04T10:10:00Z</time>
<name>p0000001287</name>
<type>WPT</type>
<sym>square</sym>
</rtept>
<rtept lat="12.7345682794" lon="124.5943247885">
<time>2023-02-04T10:15:00Z</time>
<name>p0000001288</name>
<type>WPT</type>
<sym>square</sym>
</rtept>
<rtept lat="12.7324989806" lon="124.5804134080">
<time>2023-02-04T10:20:00Z</time>
<name>p0000001289</name>
<type>WPT</type>
<sym>square</sym>
</rtept>
<rtept lat="12.7304248391" lon="124.5664747317">
<time>2023-02-04T10:25:00Z</time>
<name>p0000001290</name>
<type>WPT</type>
<sym>square</sym>
</rtept>
<rtept lat="12.7283458376" lon="124.5525086831">
<time>2023-02-04T10:30:00Z</time>
<name>p0000001291</name>
<type>WPT</type>
<sym>square</sym>
</rtept>
<rtept lat="12.7262619546" lon="124.5385151571">
<time>2023-02-04T10:35:00Z</time>
<name>p0000001292</name>
<type>WPT</type>
<sym>square</sym>
</rtept>
<rtept lat="12.7241731638" lon="124.5244940202">
<time>2023-02-04T10:40:00Z</time>
<name>p0000001293</name>
<type>WPT</type>
<sym>square</sym>
</rtept>
<rtept lat="12.7220794344" lon="124.5104451100">
<time>2023-02-04T10:45:00Z</time>
<name>p0000001294</name>
<type>WPT</type>
<sym>square</sym>
</rtept>
<rtept lat="12.7199807309" lon="124.4963682346">
<time>2023-02-04T10:50:00Z</time>
<name>p0000001295</name>
<type>WPT</type>
<sym>square</sym>
</rtept>
<rtept lat="12.7178776716" lon="124.4822675889">
<time>2023-02-04T10:55:00Z</time>
<name>p0000001296</name>
<type>WPT</type>
<sym>square</sym>
</rtept>
<rtept lat="12.7157718163" lon="124.4681536758">
<time>2023-02-04T11:00:00Z</time>
<name>p0000001297</name>
<type>WPT</type>
<sym>square</sym>
</rtept>
<rtept lat="12.7136626503" lon="124.4540230875">
<time>2023-02-04T11:05:00Z</time>
<name>p0000001298</name>
<type>WPT</type>
<sym>square</sym>
</rtept>
<rtept lat="12.7115496569" lon="124.4398724158">
<time>2023-02-04T11:10:00Z</time>
<name>p0000001299</name>
<type>WPT</type>
<sym>square</sym>
</rtept>
<rtept lat="12.7094323167" lon="124.4256982464">
<time>2023-02-04T11:15:00Z</time>
<name>p0000001300</name>
<type>WPT</type>
<sym>square</sym>
</rtept>
<rtept lat="12.7073101064" lon="124.4114971592">
<time>2023-02-04T11:20:00Z</time>
<name>p0000001301</name>
<type>WPT</type>
<sym>square</sym>
</rtept>
<rtept lat="12.7051824977" lon="124.3972657272">
<time>2023-02-04T11:25:00Z</time>
<name>p0000001302</name>
<type>WPT</type>
<sym>square</sym>
</rtept>
<rtept lat="12.7030489555" lon="124.3830005180">
<time>2023-02-04T11:30:00Z</time>
<name>p0000001303</name>
<type>WPT</type>
<sym>square</sym>
</rtept>
<rtept lat="12.7009089337" lon="124.3686980956">
<time>2023-02-04T11:35:00Z</time>
<name>p0000001304</name>
<type>WPT</type>
<sym>square</sym>
</rtept>
<rtept lat="12.6987618636" lon="124.3543550280">
<time>2023-02-04T11:40:00Z</time>
<name>p0000001305</name>
<type>WPT</type>
<sym>square</sym>
</rtept>
<rtept lat="12.6966071118" lon="124.3399679200">
<time>2023-02-04T11:45:00Z</time>
<name>p0000001306</name>
<type>WPT</type>
<sym>square</sym>
</rtept>
<rtept lat="12.6894804109" lon="124.3307151941">
<time>2023-02-04T11:50:00Z</time>
<name>p0000001307</name>
<type>WPT</type>
<sym>square</sym>
</rtept>
<rtept lat="12.6823597843" lon="124.3214712941">
<time>2023-02-04T11:55:00Z</time>
<name>p0000001308</name>
<type>WPT</type>
<sym>square</sym>
</rtept>
<rtept lat="12.6752428586" lon="124.3122331360">
<time>2023-02-04T12:00:00Z</time>
<name>p0000001309</name>
<type>WPT</type>
<sym>square</sym>
</rtept>
<rtept lat="12.6681319523" lon="124.3030037270">
<time>2023-02-04T12:05:00Z</time>
<name>p0000001310</name>
<type>WPT</type>
<sym>square</sym>
</rtept>
<rtept lat="12.6610241456" lon="124.2937792749">
<time>2023-02-04T12:10:00Z</time>
<name>p0000001311</name>
<type>WPT</type>
<sym>square</sym>
</rtept>
<rtept lat="12.6539164948" lon="124.2845559582">
<time>2023-02-04T12:15:00Z</time>
<name>p0000001312</name>
<type>WPT</type>
<sym>square</sym>
</rtept>
<rtept lat="12.6468060280" lon="124.2753299200">
<time>2023-02-04T12:20:00Z</time>
<name>p0000001313</name>
<type>WPT</type>
<sym>square</sym>
</rtept>
<rtept lat="12.6396897396" lon="124.2660972613">
<time>2023-02-04T12:25:00Z</time>
<name>p0000001314</name>
<type>WPT</type>
<sym>square</sym>
</rtept>
<rtept lat="12.6325645849" lon="124.2568540345">
<time>2023-02-04T12:30:00Z</time>
<name>p0000001315</name>
<type>WPT</type>
<sym>square</sym>
</rtept>
<rtept lat="12.6254274756" lon="124.2475962364">
<time>2023-02-04T12:35:00Z</time>
<name>p0000001316</name>
<type>WPT</type>
<sym>square</sym>
</rtept>
<rtept lat="12.6182752734" lon="124.2383198009">
<time>2023-02-04T12:40:00Z</time>
<name>p0000001317</name>
<type>WPT</type>
<sym>square</sym>
</rtept>
<rtept lat="12.6111047851" lon="124.2290205923">
<time>2023-02-04T12:45:00Z</time>
<name>p0000001318</name>
<type>WPT</type>
<sym>square</sym>
</rtept>
<rtept lat="12.6039127563" lon="124.2196943973">
<time>2023-02-04T12:50:00Z</time>
<name>p0000001319</name>
<type>WPT</type>
<sym>square</sym>
</rtept>
<rtept lat="12.5966958656" lon="124.2103369174">
<time>2023-02-04T12:55:00Z</time>
<name>p0000001320</name>
<type>WPT</type>
<sym>square</sym>
</rtept>
<rtept lat="12.5894507183" lon="124.2009437608">
<time>2023-02-04T13:00:00Z</time>
<name>p0000001321</name>
<type>WPT</type>
<sym>square</sym>
</rtept>
<rtept lat="12.5821738395" lon="124.1915104339">
<time>2023-02-04T13:05:00Z</time>
<name>p0000001322</name>
<type>WPT</type>
<sym>square</sym>
</rtept>
<rtept lat="12.5748616679" lon="124.1820323325">
<time>2023-02-04T13:10:00Z</time>
<name>p0000001323</name>
<type>WPT</type>
<sym>square</sym>
</rtept>
<rtept lat="12.5675105478" lon="124.1725047327">
<time>2023-02-04T13:15:00Z</time>
<name>p0000001324</name>
<type>WPT</type>
<sym>square</sym>
</rtept>
<rtept lat="12.5601202514" lon="124.1629273542">
<time>2023-02-04T13:20:00Z</time>
<name>p0000001325</name>
<type>WPT</type>
<sym>square</sym>
</rtept>
<rtept lat="12.5526883008" lon="124.1532970017">
<time>2023-02-04T13:25:00Z</time>
<name>p0000001326</name>
<type>WPT</type>
<sym>square</sym>
</rtept>
<rtept lat="12.5452113163" lon="124.1436093130">
<time>2023-02-04T13:30:00Z</time>
<name>p0000001327</name>
<type>WPT</type>
<sym>square</sym>
</rtept>
<rtept lat="12.5376858260" lon="124.1338598082">
<time>2023-02-04T13:35:00Z</time>
<name>p0000001328</name>
<type>WPT</type>
<sym>square</sym>
</rtept>
<rtept lat="12.5301082563" lon="124.1240438776">
<time>2023-02-04T13:40:00Z</time>
<name>p0000001329</name>
<type>WPT</type>
<sym>square</sym>
</rtept>
<rtept lat="12.5224749211" lon="124.1141567683">
<time>2023-02-04T13:45:00Z</time>
<name>p0000001330</name>
<type>WPT</type>
<sym>square</sym>
</rtept>
<rtept lat="12.5147820111" lon="124.1041935698">
<time>2023-02-04T13:50:00Z</time>
<name>p0000001331</name>
<type>WPT</type>
<sym>square</sym>
</rtept>
<rtept lat="12.5070255815" lon="124.0941491985">
<time>2023-02-04T13:55:00Z</time>
<name>p0000001332</name>
<type>WPT</type>
<sym>square</sym>
</rtept>
<rtept lat="12.4992015393" lon="124.0840183815">
<time>2023-02-04T14:00:00Z</time>
<name>p0000001333</name>
<type>WPT</type>
<sym>square</sym>
</rtept>
<rtept lat="12.4913112124" lon="124.0738028666">
<time>2023-02-04T14:05:00Z</time>
<name>p0000001334</name>
<type>WPT</type>
<sym>square</sym>
</rtept>
<rtept lat="12.4834027932" lon="124.0635650685">
<time>2023-02-04T14:10:00Z</time>
<name>p0000001335</name>
<type>WPT</type>
<sym>square</sym>
</rtept>
<rtept lat="12.4754778510" lon="124.0533070261">
<time>2023-02-04T14:15:00Z</time>
<name>p0000001336</name>
<type>WPT</type>
<sym>square</sym>
</rtept>
<rtept lat="12.4675379515" lon="124.0430307729">
<time>2023-02-04T14:20:00Z</time>
<name>p0000001337</name>
<type>WPT</type>
<sym>square</sym>
</rtept>
<rtept lat="12.4595846576" lon="124.0327383377">
<time>2023-02-04T14:25:00Z</time>
<name>p0000001338</name>
<type>WPT</type>
<sym>square</sym>
</rtept>
<rtept lat="12.4516195297" lon="124.0224317453">
<time>2023-02-04T14:30:00Z</time>
<name>p0000001339</name>
<type>WPT</type>
<sym>square</sym>
</rtept>
<rtept lat="12.4436441267" lon="124.0121130180">
<time>2023-02-04T14:35:00Z</time>
<name>p0000001340</name>
<type>WPT</type>
<sym>square</sym>
</rtept>
<rtept lat="12.4356600064" lon="124.0017841757">
<time>2023-02-04T14:40:00Z</time>
<name>p0000001341</name>
<type>WPT</type>
<sym>square</sym>
</rtept>
<rtept lat="12.4276687265" lon="123.9914472373">
<time>2023-02-04T14:45:00Z</time>
<name>p0000001342</name>
<type>WPT</type>
<sym>square</sym>
</rtept>
<rtept lat="12.4197478049" lon="123.9812024651">
<time>2023-02-04T14:50:00Z</time>
<name>p0000001343</name>
<type>WPT</type>
<sym>square</sym>
</rtept>
<rtept lat="12.4119096818" lon="123.9710659166">
<time>2023-02-04T14:55:00Z</time>
<name>p0000001344</name>
<type>WPT</type>
<sym>square</sym>
</rtept>
<rtept lat="12.4041505126" lon="123.9610325854">
<time>2023-02-04T15:00:00Z</time>
<name>p0000001345</name>
<type>WPT</type>
<sym>square</sym>
</rtept>
<rtept lat="12.3964926396" lon="123.9511313254">
<time>2023-02-04T15:05:00Z</time>
<name>p0000001346</name>
<type>WPT</type>
<sym>square</sym>
</rtept>
<rtept lat="12.3889274991" lon="123.9413510235">
<time>2023-02-04T15:10:00Z</time>
<name>p0000001347</name>
<type>WPT</type>
<sym>square</sym>
</rtept>
<rtept lat="12.3814471000" lon="123.9316813125">
<time>2023-02-04T15:15:00Z</time>
<name>p0000001348</name>
<type>WPT</type>
<sym>square</sym>
</rtept>
<rtept lat="12.3740318230" lon="123.9220968004">
<time>2023-02-04T15:20:00Z</time>
<name>p0000001349</name>
<type>WPT</type>
<sym>square</sym>
</rtept>
<rtept lat="12.3666653868" lon="123.9125764204">
<time>2023-02-04T15:25:00Z</time>
<name>p0000001350</name>
<type>WPT</type>
<sym>square</sym>
</rtept>
<rtept lat="12.3593445708" lon="123.9031159936">
<time>2023-02-04T15:30:00Z</time>
<name>p0000001351</name>
<type>WPT</type>
<sym>square</sym>
</rtept>
<rtept lat="12.3520724335" lon="123.8937194559">
<time>2023-02-04T15:35:00Z</time>
<name>p0000001352</name>
<type>WPT</type>
<sym>square</sym>
</rtept>
<rtept lat="12.3448468041" lon="123.8843839873">
<time>2023-02-04T15:40:00Z</time>
<name>p0000001353</name>
<type>WPT</type>
<sym>square</sym>
</rtept>
<rtept lat="12.3376626628" lon="123.8751030890">
<time>2023-02-04T15:45:00Z</time>
<name>p0000001354</name>
<type>WPT</type>
<sym>square</sym>
</rtept>
<rtept lat="12.3305151778" lon="123.8658705103">
<time>2023-02-04T15:50:00Z</time>
<name>p0000001355</name>
<type>WPT</type>
<sym>square</sym>
</rtept>
<rtept lat="12.3233996908" lon="123.8566802298">
<time>2023-02-04T15:55:00Z</time>
<name>p0000001356</name>
<type>WPT</type>
<sym>square</sym>
</rtept>
<rtept lat="12.3163117025" lon="123.8475264389">
<time>2023-02-04T16:00:00Z</time>
<name>p0000001357</name>
<type>WPT</type>
<sym>square</sym>
</rtept>
<rtept lat="12.3092468572" lon="123.8384035277">
<time>2023-02-04T16:05:00Z</time>
<name>p0000001358</name>
<type>WPT</type>
<sym>square</sym>
</rtept>
<rtept lat="12.3022009257" lon="123.8293060776">
<time>2023-02-04T16:10:00Z</time>
<name>p0000001359</name>
<type>WPT</type>
<sym>square</sym>
</rtept>
<rtept lat="12.2951697656" lon="123.8202288864">
<time>2023-02-04T16:15:00Z</time>
<name>p0000001360</name>
<type>WPT</type>
<sym>square</sym>
</rtept>
<rtept lat="12.3035751794" lon="123.8066964459">
<time>2023-02-04T16:20:00Z</time>
<name>p0000001361</name>
<type>WPT</type>
<sym>square</sym>
</rtept>
<rtept lat="12.3119603767" lon="123.7931946047">
<time>2023-02-04T16:25:00Z</time>
<name>p0000001362</name>
<type>WPT</type>
<sym>square</sym>
</rtept>
<rtept lat="12.3203224190" lon="123.7797281071">
<time>2023-02-04T16:30:00Z</time>
<name>p0000001363</name>
<type>WPT</type>
<sym>square</sym>
</rtept>
<rtept lat="12.3286585270" lon="123.7663014434">
<time>2023-02-04T16:35:00Z</time>
<name>p0000001364</name>
<type>WPT</type>
<sym>square</sym>
</rtept>
<rtept lat="12.3369660833" lon="123.7529188460">
<time>2023-02-04T16:40:00Z</time>
<name>p0000001365</name>
<type>WPT</type>
<sym>square</sym>
</rtept>
<rtept lat="12.3452425934" lon="123.7395843513">
<time>2023-02-04T16:45:00Z</time>
<name>p0000001366</name>
<type>WPT</type>
<sym>square</sym>
</rtept>
<rtept lat="12.3534857009" lon="123.7263017755">
<time>2023-02-04T16:50:00Z</time>
<name>p0000001367</name>
<type>WPT</type>
<sym>square</sym>
</rtept>
<rtept lat="12.3616933125" lon="123.7130745134">
<time>2023-02-04T16:55:00Z</time>
<name>p0000001368</name>
<type>WPT</type>
<sym>square</sym>
</rtept>
<rtept lat="12.3698635018" lon="123.6999056918">
<time>2023-02-04T17:00:00Z</time>
<name>p0000001369</name>
<type>WPT</type>
<sym>square</sym>
</rtept>
<rtept lat="12.3779945089" lon="123.6867981715">
<time>2023-02-04T17:05:00Z</time>
<name>p0000001370</name>
<type>WPT</type>
<sym>square</sym>
</rtept>
<rtept lat="12.3860847379" lon="123.6737545500">
<time>2023-02-04T17:10:00Z</time>
<name>p0000001371</name>
<type>WPT</type>
<sym>square</sym>
</rtept>
<rtept lat="12.3941327549" lon="123.6607771651">
<time>2023-02-04T17:15:00Z</time>
<name>p0000001372</name>
<type>WPT</type>
<sym>square</sym>
</rtept>
<rtept lat="12.4021372852" lon="123.6478680989">
<time>2023-02-04T17:20:00Z</time>
<name>p0000001373</name>
<type>WPT</type>
<sym>square</sym>
</rtept>
<rtept lat="12.4100972100" lon="123.6350291834">
<time>2023-02-04T17:25:00Z</time>
<name>p0000001374</name>
<type>WPT</type>
<sym>square</sym>
</rtept>
<rtept lat="12.4180115630" lon="123.6222620050">
<time>2023-02-04T17:30:00Z</time>
<name>p0000001375</name>
<type>WPT</type>
<sym>square</sym>
</rtept>
<rtept lat="12.4258795264" lon="123.6095679116">
<time>2023-02-04T17:35:00Z</time>
<name>p0000001376</name>
<type>WPT</type>
<sym>square</sym>
</rtept>
<rtept lat="12.4337004268" lon="123.5969480186">
<time>2023-02-04T17:40:00Z</time>
<name>p0000001377</name>
<type>WPT</type>
<sym>square</sym>
</rtept>
<rtept lat="12.4414737306" lon="123.5844032160">
<time>2023-02-04T17:45:00Z</time>
<name>p0000001378</name>
<type>WPT</type>
<sym>square</sym>
</rtept>
<rtept lat="12.4491990395" lon="123.5719341762">
<time>2023-02-04T17:50:00Z</time>
<name>p0000001379</name>
<type>WPT</type>
<sym>square</sym>
</rtept>
<rtept lat="12.4568760855" lon="123.5595413611">
<time>2023-02-04T17:55:00Z</time>
<name>p0000001380</name>
<type>WPT</type>
<sym>square</sym>
</rtept>
<rtept lat="12.4645047258" lon="123.5472250306">
<time>2023-02-04T18:00:00Z</time>
<name>p0000001381</name>
<type>WPT</type>
<sym>square</sym>
</rtept>
<rtept lat="12.4720748660" lon="123.5350015136">
<time>2023-02-04T18:05:00Z</time>
<name>p0000001382</name>
<type>WPT</type>
<sym>square</sym>
</rtept>
<rtept lat="12.4795830378" lon="123.5228764469">
<time>2023-02-04T18:10:00Z</time>
<name>p0000001383</name>
<type>WPT</type>
<sym>square</sym>
</rtept>
<rtept lat="12.4870258320" lon="123.5108553745">
<time>2023-02-04T18:15:00Z</time>
<name>p0000001384</name>
<type>WPT</type>
<sym>square</sym>
</rtept>
<rtept lat="12.4943836788" lon="123.4989699484">
<time>2023-02-04T18:20:00Z</time>
<name>p0000001385</name>
<type>WPT</type>
<sym>square</sym>
</rtept>
<rtept lat="12.5016449967" lon="123.4872389307">
<time>2023-02-04T18:25:00Z</time>
<name>p0000001386</name>
<type>WPT</type>
<sym>square</sym>
</rtept>
<rtept lat="12.5089048072" lon="123.4755088461">
<time>2023-02-04T18:30:00Z</time>
<name>p0000001387</name>
<type>WPT</type>
<sym>square</sym>
</rtept>
<rtept lat="12.5161879201" lon="123.4637396006">
<time>2023-02-04T18:35:00Z</time>
<name>p0000001388</name>
<type>WPT</type>
<sym>square</sym>
</rtept>
<rtept lat="12.5234922942" lon="123.4519344766">
<time>2023-02-04T18:40:00Z</time>
<name>p0000001389</name>
<type>WPT</type>
<sym>square</sym>
</rtept>
<rtept lat="12.5308158716" lon="123.4400967842">
<time>2023-02-04T18:45:00Z</time>
<name>p0000001390</name>
<type>WPT</type>
<sym>square</sym>
</rtept>
<rtept lat="12.5381565812" lon="123.4282298571">
<time>2023-02-04T18:50:00Z</time>
<name>p0000001391</name>
<type>WPT</type>
<sym>square</sym>
</rtept>
<rtept lat="12.5455123406" lon="123.4163370482">
<time>2023-02-04T18:55:00Z</time>
<name>p0000001392</name>
<type>WPT</type>
<sym>square</sym>
</rtept>
<rtept lat="12.5528810592" lon="123.4044217254">
<time>2023-02-04T19:00:00Z</time>
<name>p0000001393</name>
<type>WPT</type>
<sym>square</sym>
</rtept>
<rtept lat="12.5602606412" lon="123.3924872669">
<time>2023-02-04T19:05:00Z</time>
<name>p0000001394</name>
<type>WPT</type>
<sym>square</sym>
</rtept>
<rtept lat="12.5676489875" lon="123.3805370569">
<time>2023-02-04T19:10:00Z</time>
<name>p0000001395</name>
<type>WPT</type>
<sym>square</sym>
</rtept>
<rtept lat="12.5750439994" lon="123.3685744813">
<time>2023-02-04T19:15:00Z</time>
<name>p0000001396</name>
<type>WPT</type>
<sym>square</sym>
</rtept>
<rtept lat="12.5824423526" lon="123.3566049100">
<time>2023-02-04T19:20:00Z</time>
<name>p0000001397</name>
<type>WPT</type>
<sym>square</sym>
</rtept>
<rtept lat="12.5898416411" lon="123.3446322289">
<time>2023-02-04T19:25:00Z</time>
<name>p0000001398</name>
<type>WPT</type>
<sym>square</sym>
</rtept>
<rtept lat="12.5972403765" lon="123.3326588410">
<time>2023-02-04T19:30:00Z</time>
<name>p0000001399</name>
<type>WPT</type>
<sym>square</sym>
</rtept>
<rtept lat="12.6046370802" lon="123.3206871341">
<time>2023-02-04T19:35:00Z</time>
<name>p0000001400</name>
<type>WPT</type>
<sym>square</sym>
</rtept>
<rtept lat="12.6120302848" lon="123.3087194781">
<time>2023-02-04T19:40:00Z</time>
<name>p0000001401</name>
<type>WPT</type>
<sym>square</sym>
</rtept>
<rtept lat="12.6194185354" lon="123.2967582223">
<time>2023-02-04T19:45:00Z</time>
<name>p0000001402</name>
<type>WPT</type>
<sym>square</sym>
</rtept>
<rtept lat="12.6268003913" lon="123.2848056934">
<time>2023-02-04T19:50:00Z</time>
<name>p0000001403</name>
<type>WPT</type>
<sym>square</sym>
</rtept>
<rtept lat="12.6341740036" lon="123.2728648778">
<time>2023-02-04T19:55:00Z</time>
<name>p0000001404</name>
<type>WPT</type>
<sym>square</sym>
</rtept>
<rtept lat="12.6415358186" lon="123.2609415209">
<time>2023-02-04T20:00:00Z</time>
<name>p0000001405</name>
<type>WPT</type>
<sym>square</sym>
</rtept>
<rtept lat="12.6488838743" lon="123.2490387882">
<time>2023-02-04T20:05:00Z</time>
<name>p0000001406</name>
<type>WPT</type>
<sym>square</sym>
</rtept>
<rtept lat="12.6562162326" lon="123.2371597985">
<time>2023-02-04T20:10:00Z</time>
<name>p0000001407</name>
<type>WPT</type>
<sym>square</sym>
</rtept>
<rtept lat="12.6635309781" lon="123.2253076171">
<time>2023-02-04T20:15:00Z</time>
<name>p0000001408</name>
<type>WPT</type>
<sym>square</sym>
</rtept>
<rtept lat="12.6708262099" lon="123.2134852430">
<time>2023-02-04T20:20:00Z</time>
<name>p0000001409</name>
<type>WPT</type>
<sym>square</sym>
</rtept>
<rtept lat="12.6780999947" lon="123.2016955597">
<time>2023-02-04T20:25:00Z</time>
<name>p0000001410</name>
<type>WPT</type>
<sym>square</sym>
</rtept>
<rtept lat="12.6721273074" lon="123.1946032889">
<time>2023-02-04T20:30:00Z</time>
<name>p0000001411</name>
<type>WPT</type>
<sym>square</sym>
</rtept>
<rtept lat="12.6661131964" lon="123.1874623920">
<time>2023-02-04T20:35:00Z</time>
<name>p0000001412</name>
<type>WPT</type>
<sym>square</sym>
</rtept>
<rtept lat="12.6600557223" lon="123.1802705780">
<time>2023-02-04T20:40:00Z</time>
<name>p0000001413</name>
<type>WPT</type>
<sym>square</sym>
</rtept>
<rtept lat="12.6539529707" lon="123.1730255861">
<time>2023-02-04T20:45:00Z</time>
<name>p0000001414</name>
<type>WPT</type>
<sym>square</sym>
</rtept>
<rtept lat="12.6478116187" lon="123.1657353551">
<time>2023-02-04T20:50:00Z</time>
<name>p0000001415</name>
<type>WPT</type>
<sym>square</sym>
</rtept>
<rtept lat="12.6416300470" lon="123.1583979738">
<time>2023-02-04T20:55:00Z</time>
<name>p0000001416</name>
<type>WPT</type>
<sym>square</sym>
</rtept>
<rtept lat="12.6354066063" lon="123.1510114959">
<time>2023-02-04T21:00:00Z</time>
<name>p0000001417</name>
<type>WPT</type>
<sym>square</sym>
</rtept>
<rtept lat="12.6291295572" lon="123.1435620014">
<time>2023-02-04T21:05:00Z</time>
<name>p0000001418</name>
<type>WPT</type>
<sym>square</sym>
</rtept>
<rtept lat="12.6227973482" lon="123.1360476646">
<time>2023-02-04T21:10:00Z</time>
<name>p0000001419</name>
<type>WPT</type>
<sym>square</sym>
</rtept>
<rtept lat="12.6164083690" lon="123.1284665906">
<time>2023-02-04T21:15:00Z</time>
<name>p0000001420</name>
<type>WPT</type>
<sym>square</sym>
</rtept>
<rtept lat="12.6099609481" lon="123.1208168128">
<time>2023-02-04T21:20:00Z</time>
<name>p0000001421</name>
<type>WPT</type>
<sym>square</sym>
</rtept>
<rtept lat="12.6034533495" lon="123.1130962891">
<time>2023-02-04T21:25:00Z</time>
<name>p0000001422</name>
<type>WPT</type>
<sym>square</sym>
</rtept>
<rtept lat="12.5968837708" lon="123.1053028991">
<time>2023-02-04T21:30:00Z</time>
<name>p0000001423</name>
<type>WPT</type>
<sym>square</sym>
</rtept>
<rtept lat="12.5902503392" lon="123.0974344400">
<time>2023-02-04T21:35:00Z</time>
<name>p0000001424</name>
<type>WPT</type>
<sym>square</sym>
</rtept>
<rtept lat="12.5835511090" lon="123.0894886233">
<time>2023-02-04T21:40:00Z</time>
<name>p0000001425</name>
<type>WPT</type>
<sym>square</sym>
</rtept>
<rtept lat="12.5767840576" lon="123.0814630706">
<time>2023-02-04T21:45:00Z</time>
<name>p0000001426</name>
<type>WPT</type>
<sym>square</sym>
</rtept>
<rtept lat="12.5699470824" lon="123.0733553095">
<time>2023-02-04T21:50:00Z</time>
<name>p0000001427</name>
<type>WPT</type>
<sym>square</sym>
</rtept>
<rtept lat="12.5630379970" lon="123.0651627692">
<time>2023-02-04T21:55:00Z</time>
<name>p0000001428</name>
<type>WPT</type>
<sym>square</sym>
</rtept>
<rtept lat="12.5560545269" lon="123.0568827757">
<time>2023-02-04T22:00:00Z</time>
<name>p0000001429</name>
<type>WPT</type>
<sym>square</sym>
</rtept>
<rtept lat="12.5489943053" lon="123.0485125470">
<time>2023-02-04T22:05:00Z</time>
<name>p0000001430</name>
<type>WPT</type>
<sym>square</sym>
</rtept>
<rtept lat="12.5418548689" lon="123.0400491876">
<time>2023-02-04T22:10:00Z</time>
<name>p0000001431</name>
<type>WPT</type>
<sym>square</sym>
</rtept>
<rtept lat="12.5346336529" lon="123.0314896834">
<time>2023-02-04T22:15:00Z</time>
<name>p0000001432</name>
<type>WPT</type>
<sym>square</sym>
</rtept>
<rtept lat="12.5273279861" lon="123.0228308953">
<time>2023-02-04T22:20:00Z</time>
<name>p0000001433</name>
<type>WPT</type>
<sym>square</sym>
</rtept>
<rtept lat="12.5199350853" lon="123.0140695534">
<time>2023-02-04T22:25:00Z</time>
<name>p0000001434</name>
<type>WPT</type>
<sym>square</sym>
</rtept>
<rtept lat="12.5124520502" lon="123.0052022500">
<time>2023-02-04T22:30:00Z</time>
<name>p0000001435</name>
<type>WPT</type>
<sym>square</sym>
</rtept>
<rtept lat="12.5048758565" lon="122.9962254329">
<time>2023-02-04T22:35:00Z</time>
<name>p0000001436</name>
<type>WPT</type>
<sym>square</sym>
</rtept>
<rtept lat="12.4972378571" lon="122.9871762791">
<time>2023-02-04T22:40:00Z</time>
<name>p0000001437</name>
<type>WPT</type>
<sym>square</sym>
</rtept>
<rtept lat="12.4896103586" lon="122.9781404657">
<time>2023-02-04T22:45:00Z</time>
<name>p0000001438</name>
<type>WPT</type>
<sym>square</sym>
</rtept>
<rtept lat="12.4820339672" lon="122.9691660868">
<time>2023-02-04T22:50:00Z</time>
<name>p0000001439</name>
<type>WPT</type>
<sym>square</sym>
</rtept>
<rtept lat="12.4745003416" lon="122.9602432445">
<time>2023-02-04T22:55:00Z</time>
<name>p0000001440</name>
<type>WPT</type>
<sym>square</sym>
</rtept>
<rtept lat="12.4670034295" lon="122.9513647559">
<time>2023-02-04T23:00:00Z</time>
<name>p0000001441</name>
<type>WPT</type>
<sym>square</sym>
</rtept>
<rtept lat="12.4595414386" lon="122.9425284853">
<time>2023-02-04T23:05:00Z</time>
<name>p0000001442</name>
<type>WPT</type>
<sym>square</sym>
</rtept>
<rtept lat="12.4521126300" lon="122.9337323614">
<time>2023-02-04T23:10:00Z</time>
<name>p0000001443</name>
<type>WPT</type>
<sym>square</sym>
</rtept>
<rtept lat="12.4447153154" lon="122.9249743734">
<time>2023-02-04T23:15:00Z</time>
<name>p0000001444</name>
<type>WPT</type>
<sym>square</sym>
</rtept>
<rtept lat="12.4373478537" lon="122.9162525676">
<time>2023-02-04T23:20:00Z</time>
<name>p0000001445</name>
<type>WPT</type>
<sym>square</sym>
</rtept>
<rtept lat="12.4300086484" lon="122.9075650437">
<time>2023-02-04T23:25:00Z</time>
<name>p0000001446</name>
<type>WPT</type>
<sym>square</sym>
</rtept>
<rtept lat="12.4226961452" lon="122.8989099519">
<time>2023-02-04T23:30:00Z</time>
<name>p0000001447</name>
<type>WPT</type>
<sym>square</sym>
</rtept>
<rtept lat="12.4154088290" lon="122.8902854898">
<time>2023-02-04T23:35:00Z</time>
<name>p0000001448</name>
<type>WPT</type>
<sym>square</sym>
</rtept>
<rtept lat="12.4081452220" lon="122.8816899001">
<time>2023-02-04T23:40:00Z</time>
<name>p0000001449</name>
<type>WPT</type>
<sym>square</sym>
</rtept>
<rtept lat="12.4009038816" lon="122.8731214674">
<time>2023-02-04T23:45:00Z</time>
<name>p0000001450</name>
<type>WPT</type>
<sym>square</sym>
</rtept>
<rtept lat="12.3936833982" lon="122.8645785163">
<time>2023-02-04T23:50:00Z</time>
<name>p0000001451</name>
<type>WPT</type>
<sym>square</sym>
</rtept>
<rtept lat="12.3864823935" lon="122.8560594091">
<time>2023-02-04T23:55:00Z</time>
<name>p0000001452</name>
<type>WPT</type>
<sym>square</sym>
</rtept>
<rtept lat="12.3792995188" lon="122.8475625438">
<time>2023-02-05T00:00:00Z</time>
<name>p0000001453</name>
<type>WPT</type>
<sym>square</sym>
</rtept>
<rtept lat="12.3721296115" lon="122.8390818078">
<time>2023-02-05T00:05:00Z</time>
<name>p0000001454</name>
<type>WPT</type>
<sym>square</sym>
</rtept>
<rtept lat="12.3649700330" lon="122.8306140762">
<time>2023-02-05T00:10:00Z</time>
<name>p0000001455</name>
<type>WPT</type>
<sym>square</sym>
</rtept>
<rtept lat="12.3578181883" lon="122.8221562766">
<time>2023-02-05T00:15:00Z</time>
<name>p0000001456</name>
<type>WPT</type>
<sym>square</sym>
</rtept>
<rtept lat="12.3506715227" lon="122.8137053856">
<time>2023-02-05T00:20:00Z</time>
<name>p0000001457</name>
<type>WPT</type>
<sym>square</sym>
</rtept>
<rtept lat="12.3435231670" lon="122.8052532798">
<time>2023-02-05T00:25:00Z</time>
<name>p0000001458</name>
<type>WPT</type>
<sym>square</sym>
</rtept>
<rtept lat="12.3363633902" lon="122.7967884551">
<time>2023-02-05T00:30:00Z</time>
<name>p0000001459</name>
<type>WPT</type>
<sym>square</sym>
</rtept>
<rtept lat="12.3291898255" lon="122.7883081178">
<time>2023-02-05T00:35:00Z</time>
<name>p0000001460</name>
<type>WPT</type>
<sym>square</sym>
</rtept>
<rtept lat="12.3220001243" lon="122.7798094964">
<time>2023-02-05T00:40:00Z</time>
<name>p0000001461</name>
<type>WPT</type>
<sym>square</sym>
</rtept>
<rtept lat="12.3147919532" lon="122.7712898392">
<time>2023-02-05T00:45:00Z</time>
<name>p0000001462</name>
<type>WPT</type>
<sym>square</sym>
</rtept>
<rtept lat="12.3075629921" lon="122.7627464110">
<time>2023-02-05T00:50:00Z</time>
<name>p0000001463</name>
<type>WPT</type>
<sym>square</sym>
</rtept>
<rtept lat="12.3003109318" lon="122.7541764905">
<time>2023-02-05T00:55:00Z</time>
<name>p0000001464</name>
<type>WPT</type>
<sym>square</sym>
</rtept>
<rtept lat="12.2930334712" lon="122.7455773678">
<time>2023-02-05T01:00:00Z</time>
<name>p0000001465</name>
<type>WPT</type>
<sym>square</sym>
</rtept>
<rtept lat="12.2857283157" lon="122.7369463418">
<time>2023-02-05T01:05:00Z</time>
<name>p0000001466</name>
<type>WPT</type>
<sym>square</sym>
</rtept>
<rtept lat="12.2783931746" lon="122.7282807175">
<time>2023-02-05T01:10:00Z</time>
<name>p0000001467</name>
<type>WPT</type>
<sym>square</sym>
</rtept>
<rtept lat="12.2710257591" lon="122.7195778039">
<time>2023-02-05T01:15:00Z</time>
<name>p0000001468</name>
<type>WPT</type>
<sym>square</sym>
</rtept>
<rtept lat="12.2636237801" lon="122.7108349114">
<time>2023-02-05T01:20:00Z</time>
<name>p0000001469</name>
<type>WPT</type>
<sym>square</sym>
</rtept>
<rtept lat="12.2561849461" lon="122.7020493499">
<time>2023-02-05T01:25:00Z</time>
<name>p0000001470</name>
<type>WPT</type>
<sym>square</sym>
</rtept>
<rtept lat="12.2487069605" lon="122.6932184265">
<time>2023-02-05T01:30:00Z</time>
<name>p0000001471</name>
<type>WPT</type>
<sym>square</sym>
</rtept>
<rtept lat="12.2411875198" lon="122.6843394434">
<time>2023-02-05T01:35:00Z</time>
<name>p0000001472</name>
<type>WPT</type>
<sym>square</sym>
</rtept>
<rtept lat="12.2336243100" lon="122.6754096969">
<time>2023-02-05T01:40:00Z</time>
<name>p0000001473</name>
<type>WPT</type>
<sym>square</sym>
</rtept>
<rtept lat="12.2260150018" lon="122.6664264761">
<time>2023-02-05T01:45:00Z</time>
<name>p0000001474</name>
<type>WPT</type>
<sym>square</sym>
</rtept>
<rtept lat="12.2183572411" lon="122.6573870654">
<time>2023-02-05T01:50:00Z</time>
<name>p0000001475</name>
<type>WPT</type>
<sym>square</sym>
</rtept>
<rtept lat="12.2106486084" lon="122.6482887609">
<time>2023-02-05T01:55:00Z</time>
<name>p0000001476</name>
<type>WPT</type>
<sym>square</sym>
</rtept>
<rtept lat="12.2070498057" lon="122.6341075315">
<time>2023-02-05T02:00:00Z</time>
<name>p0000001477</name>
<type>WPT</type>
<sym>square</sym>
</rtept>
<rtept lat="12.2034399291" lon="122.6198859480">
<time>2023-02-05T02:05:00Z</time>
<name>p0000001478</name>
<type>WPT</type>
<sym>square</sym>
</rtept>
<rtept lat="12.1998195543" lon="122.6056263051">
<time>2023-02-05T02:10:00Z</time>
<name>p0000001479</name>
<type>WPT</type>
<sym>square</sym>
</rtept>
<rtept lat="12.1961878641" lon="122.5913254116">
<time>2023-02-05T02:15:00Z</time>
<name>p0000001480</name>
<type>WPT</type>
<sym>square</sym>
</rtept>
<rtept lat="12.1925440419" lon="122.5769800810">
<time>2023-02-05T02:20:00Z</time>
<name>p0000001481</name>
<type>WPT</type>
<sym>square</sym>
</rtept>
<rtept lat="12.1888872716" lon="122.5625871321">
<time>2023-02-05T02:25:00Z</time>
<name>p0000001482</name>
<type>WPT</type>
<sym>square</sym>
</rtept>
<rtept lat="12.1852167372" lon="122.5481433881">
<time>2023-02-05T02:30:00Z</time>
<name>p0000001483</name>
<type>WPT</type>
<sym>square</sym>
</rtept>
<rtept lat="12.1815316233" lon="122.5336456764">
<time>2023-02-05T02:35:00Z</time>
<name>p0000001484</name>
<type>WPT</type>
<sym>square</sym>
</rtept>
<rtept lat="12.1778311145" lon="122.5190908279">
<time>2023-02-05T02:40:00Z</time>
<name>p0000001485</name>
<type>WPT</type>
<sym>square</sym>
</rtept>
<rtept lat="12.1741143954" lon="122.5044756772">
<time>2023-02-05T02:45:00Z</time>
<name>p0000001486</name>
<type>WPT</type>
<sym>square</sym>
</rtept>
<rtept lat="12.1703806506" lon="122.4897970614">
<time>2023-02-05T02:50:00Z</time>
<name>p0000001487</name>
<type>WPT</type>
<sym>square</sym>
</rtept>
<rtept lat="12.1666397494" lon="122.4750938167">
<time>2023-02-05T02:55:00Z</time>
<name>p0000001488</name>
<type>WPT</type>
<sym>square</sym>
</rtept>
<rtept lat="12.1628972671" lon="122.4603878682">
<time>2023-02-05T03:00:00Z</time>
<name>p0000001489</name>
<type>WPT</type>
<sym>square</sym>
</rtept>
<rtept lat="12.1591577018" lon="122.4456968888">
<time>2023-02-05T03:05:00Z</time>
<name>p0000001490</name>
<type>WPT</type>
<sym>square</sym>
</rtept>
<rtept lat="12.1554217254" lon="122.4310235074">
<time>2023-02-05T03:10:00Z</time>
<name>p0000001491</name>
<type>WPT</type>
<sym>square</sym>
</rtept>
<rtept lat="12.1516899798" lon="122.4163702318">
<time>2023-02-05T03:15:00Z</time>
<name>p0000001492</name>
<type>WPT</type>
<sym>square</sym>
</rtept>
<rtept lat="12.1479630765" lon="122.4017394487">
<time>2023-02-05T03:20:00Z</time>
<name>p0000001493</name>
<type>WPT</type>
<sym>square</sym>
</rtept>
<rtept lat="12.1442415965" lon="122.3871334227">
<time>2023-02-05T03:25:00Z</time>
<name>p0000001494</name>
<type>WPT</type>
<sym>square</sym>
</rtept>
<rtept lat="12.1405260902" lon="122.3725542962">
<time>2023-02-05T03:30:00Z</time>
<name>p0000001495</name>
<type>WPT</type>
<sym>square</sym>
</rtept>
<rtept lat="12.1368170773" lon="122.3580040891">
<time>2023-02-05T03:35:00Z</time>
<name>p0000001496</name>
<type>WPT</type>
<sym>square</sym>
</rtept>
<rtept lat="12.1331150466" lon="122.3434846988">
<time>2023-02-05T03:40:00Z</time>
<name>p0000001497</name>
<type>WPT</type>
<sym>square</sym>
</rtept>
<rtept lat="12.1294204560" lon="122.3289978997">
<time>2023-02-05T03:45:00Z</time>
<name>p0000001498</name>
<type>WPT</type>
<sym>square</sym>
</rtept>
<rtept lat="12.1257337327" lon="122.3145453438">
<time>2023-02-05T03:50:00Z</time>
<name>p0000001499</name>
<type>WPT</type>
<sym>square</sym>
</rtept>
<rtept lat="12.1220552727" lon="122.3001285602">
<time>2023-02-05T03:55:00Z</time>
<name>p0000001500</name>
<type>WPT</type>
<sym>square</sym>
</rtept>
<rtept lat="12.1183854414" lon="122.2857489559">
<time>2023-02-05T04:00:00Z</time>
<name>p0000001501</name>
<type>WPT</type>
<sym>square</sym>
</rtept>
<rtept lat="12.1147245731" lon="122.2714078156">
<time>2023-02-05T04:05:00Z</time>
<name>p0000001502</name>
<type>WPT</type>
<sym>square</sym>
</rtept>
<rtept lat="12.1110729712" lon="122.2571063023">
<time>2023-02-05T04:10:00Z</time>
<name>p0000001503</name>
<type>WPT</type>
<sym>square</sym>
</rtept>
<rtept lat="12.1074309086" lon="122.2428454574">
<time>2023-02-05T04:15:00Z</time>
<name>p0000001504</name>
<type>WPT</type>
<sym>square</sym>
</rtept>
<rtept lat="12.1037986272" lon="122.2286262016">
<time>2023-02-05T04:20:00Z</time>
<name>p0000001505</name>
<type>WPT</type>
<sym>square</sym>
</rtept>
<rtept lat="12.1001770798" lon="122.2144522363">
<time>2023-02-05T04:25:00Z</time>
<name>p0000001506</name>
<type>WPT</type>
<sym>square</sym>
</rtept>
<rtept lat="12.0965679676" lon="122.2003301881">
<time>2023-02-05T04:30:00Z</time>
<name>p0000001507</name>
<type>WPT</type>
<sym>square</sym>
</rtept>
<rtept lat="12.0929714417" lon="122.1862606146">
<time>2023-02-05T04:35:00Z</time>
<name>p0000001508</name>
<type>WPT</type>
<sym>square</sym>
</rtept>
<rtept lat="12.0893876190" lon="122.1722439391">
<time>2023-02-05T04:40:00Z</time>
<name>p0000001509</name>
<type>WPT</type>
<sym>square</sym>
</rtept>
<rtept lat="12.0858165823" lon="122.1582804513">
<time>2023-02-05T04:45:00Z</time>
<name>p0000001510</name>
<type>WPT</type>
<sym>square</sym>
</rtept>
<rtept lat="12.0822583807" lon="122.1443703090">
<time>2023-02-05T04:50:00Z</time>
<name>p0000001511</name>
<type>WPT</type>
<sym>square</sym>
</rtept>
<rtept lat="12.0787130295" lon="122.1305135389">
<time>2023-02-05T04:55:00Z</time>
<name>p0000001512</name>
<type>WPT</type>
<sym>square</sym>
</rtept>
<rtept lat="12.0751805107" lon="122.1167100380">
<time>2023-02-05T05:00:00Z</time>
<name>p0000001513</name>
<type>WPT</type>
<sym>square</sym>
</rtept>
<rtept lat="12.0716607736" lon="122.1029595750">
<time>2023-02-05T05:05:00Z</time>
<name>p0000001514</name>
<type>WPT</type>
<sym>square</sym>
</rtept>
<rtept lat="12.0681537344" lon="122.0892617916">
<time>2023-02-05T05:10:00Z</time>
<name>p0000001515</name>
<type>WPT</type>
<sym>square</sym>
</rtept>
<rtept lat="12.0646592771" lon="122.0756162037">
<time>2023-02-05T05:15:00Z</time>
<name>p0000001516</name>
<type>WPT</type>
<sym>square</sym>
</rtept>
<rtept lat="12.0611772535" lon="122.0620222032">
<time>2023-02-05T05:20:00Z</time>
<name>p0000001517</name>
<type>WPT</type>
<sym>square</sym>
</rtept>
<rtept lat="12.0577074837" lon="122.0484790591">
<time>2023-02-05T05:25:00Z</time>
<name>p0000001518</name>
<type>WPT</type>
<sym>square</sym>
</rtept>
<rtept lat="12.0542497561" lon="122.0349859195">
<time>2023-02-05T05:30:00Z</time>
<name>p0000001519</name>
<type>WPT</type>
<sym>square</sym>
</rtept>
<rtept lat="12.0508038281" lon="122.0215418125">
<time>2023-02-05T05:35:00Z</time>
<name>p0000001520</name>
<type>WPT</type>
<sym>square</sym>
</rtept>
<rtept lat="12.0473694262" lon="122.0081456486">
<time>2023-02-05T05:40:00Z</time>
<name>p0000001521</name>
<type>WPT</type>
<sym>square</sym>
</rtept>
<rtept lat="12.0439462462" lon="121.9947962219">
<time>2023-02-05T05:45:00Z</time>
<name>p0000001522</name>
<type>WPT</type>
<sym>square</sym>
</rtept>
<rtept lat="12.0405030429" lon="121.9813716960">
<time>2023-02-05T05:50:00Z</time>
<name>p0000001523</name>
<type>WPT</type>
<sym>square</sym>
</rtept>
<rtept lat="12.0369916841" lon="121.9676845253">
<time>2023-02-05T05:55:00Z</time>
<name>p0000001524</name>
<type>WPT</type>
<sym>square</sym>
</rtept>
<rtept lat="12.0334117561" lon="121.9537333106">
<time>2023-02-05T06:00:00Z</time>
<name>p0000001525</name>
<type>WPT</type>
<sym>square</sym>
</rtept>
<rtept lat="12.0297567018" lon="121.9394927371">
<time>2023-02-05T06:05:00Z</time>
<name>p0000001526</name>
<type>WPT</type>
<sym>square</sym>
</rtept>
<rtept lat="12.0260273826" lon="121.9249664463">
<time>2023-02-05T06:10:00Z</time>
<name>p0000001527</name>
<type>WPT</type>
<sym>square</sym>
</rtept>
<rtept lat="12.0222247260" lon="121.9101583958">
<time>2023-02-05T06:15:00Z</time>
<name>p0000001528</name>
<type>WPT</type>
<sym>square</sym>
</rtept>
<rtept lat="12.0183554640" lon="121.8950952871">
<time>2023-02-05T06:20:00Z</time>
<name>p0000001529</name>
<type>WPT</type>
<sym>square</sym>
</rtept>
<rtept lat="12.0144219130" lon="121.8797871738">
<time>2023-02-05T06:25:00Z</time>
<name>p0000001530</name>
<type>WPT</type>
<sym>square</sym>
</rtept>
<rtept lat="12.0159585596" lon="121.8614362962">
<time>2023-02-05T06:30:00Z</time>
<name>p0000001531</name>
<type>WPT</type>
<sym>square</sym>
</rtept>
<rtept lat="12.0175051262" lon="121.8429478784">
<time>2023-02-05T06:35:00Z</time>
<name>p0000001532</name>
<type>WPT</type>
<sym>square</sym>
</rtept>
<rtept lat="12.0004708548" lon="121.8410662715">
<time>2023-02-05T06:40:00Z</time>
<name>p0000001533</name>
<type>WPT</type>
<sym>square</sym>
</rtept>
<rtept lat="11.9833389200" lon="121.8391741217">
<time>2023-02-05T06:45:00Z</time>
<name>p0000001534</name>
<type>WPT</type>
<sym>square</sym>
</rtept>
<rtept lat="11.9661182514" lon="121.8372724192">
<time>2023-02-05T06:50:00Z</time>
<name>p0000001535</name>
<type>WPT</type>
<sym>square</sym>
</rtept>
<rtept lat="11.9488143826" lon="121.8353617788">
<time>2023-02-05T06:55:00Z</time>
<name>p0000001536</name>
<type>WPT</type>
<sym>square</sym>
</rtept>
<rtept lat="11.9314324888" lon="121.8334427755">
<time>2023-02-05T07:00:00Z</time>
<name>p0000001537</name>
<type>WPT</type>
<sym>square</sym>
</rtept>
<rtept lat="11.9139776219" lon="121.8315159704">
<time>2023-02-05T07:05:00Z</time>
<name>p0000001538</name>
<type>WPT</type>
<sym>square</sym>
</rtept>
<rtept lat="11.8964547050" lon="121.8295819103">
<time>2023-02-05T07:10:00Z</time>
<name>p0000001539</name>
<type>WPT</type>
<sym>square</sym>
</rtept>
<rtept lat="11.8788685284" lon="121.8276411271">
<time>2023-02-05T07:15:00Z</time>
<name>p0000001540</name>
<type>WPT</type>
<sym>square</sym>
</rtept>
<rtept lat="11.8612237452" lon="121.8256941376">
<time>2023-02-05T07:20:00Z</time>
<name>p0000001541</name>
<type>WPT</type>
<sym>square</sym>
</rtept>
<rtept lat="11.8435249689" lon="121.8237414544">
<time>2023-02-05T07:25:00Z</time>
<name>p0000001542</name>
<type>WPT</type>
<sym>square</sym>
</rtept>
<rtept lat="11.8257761246" lon="121.8217835140">
<time>2023-02-05T07:30:00Z</time>
<name>p0000001543</name>
<type>WPT</type>
<sym>square</sym>
</rtept>
<rtept lat="11.8079809551" lon="121.8198207335">
<time>2023-02-05T07:35:00Z</time>
<name>p0000001544</name>
<type>WPT</type>
<sym>square</sym>
</rtept>
<rtept lat="11.7901431255" lon="121.8178535228">
<time>2023-02-05T07:40:00Z</time>
<name>p0000001545</name>
<type>WPT</type>
<sym>square</sym>
</rtept>
<rtept lat="11.7722580372" lon="121.8158813831">
<time>2023-02-05T07:45:00Z</time>
<name>p0000001546</name>
<type>WPT</type>
<sym>square</sym>
</rtept>
<rtept lat="11.7543130093" lon="121.8139029336">
<time>2023-02-05T07:50:00Z</time>
<name>p0000001547</name>
<type>WPT</type>
<sym>square</sym>
</rtept>
</rte>
</gpx>
